-- phpMyAdmin SQL Dump
-- version 5.1.1
-- https://www.phpmyadmin.net/
--
-- Máy chủ: 127.0.0.1
-- Thời gian đã tạo: Th10 29, 2021 lúc 07:10 PM
-- Phiên bản máy phục vụ: 10.4.21-MariaDB
-- Phiên bản PHP: 8.0.11

SET SQL_MODE = "NO_AUTO_VALUE_ON_ZERO";
START TRANSACTION;
SET time_zone = "+00:00";


/*!40101 SET @OLD_CHARACTER_SET_CLIENT=@@CHARACTER_SET_CLIENT */;
/*!40101 SET @OLD_CHARACTER_SET_RESULTS=@@CHARACTER_SET_RESULTS */;
/*!40101 SET @OLD_COLLATION_CONNECTION=@@COLLATION_CONNECTION */;
/*!40101 SET NAMES utf8mb4 */;

--
-- Cơ sở dữ liệu: `web2-db-v1`
--

-- --------------------------------------------------------

--
-- Cấu trúc bảng cho bảng `buying_history`
--

CREATE TABLE `buying_history` (
  `ID` int(11) NOT NULL,
  `User_ID` int(11) NOT NULL,
  `Order_ID` int(11) NOT NULL
) ENGINE=InnoDB DEFAULT CHARSET=utf8;

--
-- Đang đổ dữ liệu cho bảng `buying_history`
--

INSERT INTO `buying_history` (`ID`, `User_ID`, `Order_ID`) VALUES
(1, 1, 1),
(2, 2, 2),
(3, 2, 4);

-- --------------------------------------------------------

--
-- Cấu trúc bảng cho bảng `cart`
--

CREATE TABLE `cart` (
  `ID` int(11) NOT NULL,
  `User_ID` int(11) NOT NULL
) ENGINE=InnoDB DEFAULT CHARSET=utf8;

--
-- Đang đổ dữ liệu cho bảng `cart`
--

INSERT INTO `cart` (`ID`, `User_ID`) VALUES
(6, 1),
(7, 2),
(8, 3),
(9, 4),
(10, 5),
(11, 6),
(12, 7),
(13, 8),
(14, 9),
(15, 10),
(16, 11);

-- --------------------------------------------------------

--
-- Cấu trúc bảng cho bảng `cart_item_list`
--

CREATE TABLE `cart_item_list` (
  `cart_ID` int(11) NOT NULL,
  `product_ID` int(11) NOT NULL,
  `quantity` int(11) NOT NULL
) ENGINE=InnoDB DEFAULT CHARSET=utf8;

--
-- Đang đổ dữ liệu cho bảng `cart_item_list`
--

INSERT INTO `cart_item_list` (`cart_ID`, `product_ID`, `quantity`) VALUES
(6, 1, 1),
(6, 6, 4),
(7, 4, 3),
(7, 7, 2),
(11, 7, 4),
(11, 17, 2);

-- --------------------------------------------------------

--
-- Cấu trúc bảng cho bảng `catalog`
--

CREATE TABLE `catalog` (
  `ID` int(11) NOT NULL,
  `Name` varchar(255) DEFAULT NULL,
  `Product_ID` int(11) NOT NULL
) ENGINE=InnoDB DEFAULT CHARSET=utf8;

--
-- Đang đổ dữ liệu cho bảng `catalog`
--

INSERT INTO `catalog` (`ID`, `Name`, `Product_ID`) VALUES
(1, '4G MODULE', 1),
(2, 'PROTOCOL CONVERTER MODULE', 1),
(3, 'PROTOCOL CONVERTER MODULE', 2),
(4, '4G MODULE', 3),
(5, 'ANALOG ACQUISITION MODULE', 4),
(6, 'IOT GATEWAY', 5),
(7, 'IOT GATEWAY', 6),
(8, 'DIGITAL INPUT OUTPUT MODULE', 7),
(9, 'ANALOG ACQUISITION MODULE', 8),
(10, 'hỏi chấm', 14),
(11, '123', 15),
(12, 'abc abc ', 16),
(13, 'này là category', 17),
(14, '12345', 18),
(15, '12345', 19),
(16, '12345', 20),
(17, '12345', 21),
(18, '12345', 22),
(19, '12345', 23),
(20, '12345', 24),
(23, '12345', 27);

-- --------------------------------------------------------

--
-- Cấu trúc bảng cho bảng `contact`
--

CREATE TABLE `contact` (
  `ID` int(11) NOT NULL,
  `Name` varchar(255) NOT NULL,
  `Telephone` int(11) NOT NULL,
  `Email` varchar(255) NOT NULL,
  `Message_content` mediumtext NOT NULL
) ENGINE=InnoDB DEFAULT CHARSET=utf8;

-- --------------------------------------------------------

--
-- Cấu trúc bảng cho bảng `news`
--

CREATE TABLE `news` (
  `ID` int(11) NOT NULL,
  `Title` mediumtext NOT NULL,
  `Author` varchar(255) NOT NULL,
  `Post_Date` date NOT NULL,
  `Content` mediumtext NOT NULL,
  `Picture` varchar(225) NOT NULL
) ENGINE=InnoDB DEFAULT CHARSET=utf8;

--
-- Đang đổ dữ liệu cho bảng `news`
--

INSERT INTO `news` (`ID`, `Title`, `Author`, `Post_Date`, `Content`, `Picture`) VALUES
(3, 'Tìm người iu mình không yêu Phước', 'Phước', '2021-11-29', 'cái gì đó 123', 'https://www.w3schools.com/images/w3lynx_200.png'),
(8, 'id số 7+1', 'lần này phải được', '2021-11-29', '99999', 'https://images.unsplash.com/photo-1472214103451-9374bd1c798e?ixlib=rb-1.2.1&ixid=MnwxMjA3fDB8MHxzZWFyY2h8M3x8cGljfGVufDB8fDB8fA%3D%3D&w=1000&q=80');

-- --------------------------------------------------------

--
-- Cấu trúc bảng cho bảng `order_details`
--

CREATE TABLE `order_details` (
  `ID` int(11) NOT NULL,
  `Status` varchar(255) NOT NULL,
  `User_ID` int(11) NOT NULL,
  `Last_Name` varchar(255) NOT NULL,
  `First_name` varchar(255) NOT NULL,
  `Email` varchar(255) NOT NULL,
  `Telephone` int(11) NOT NULL,
  `Street_address` varchar(255) NOT NULL,
  `Postcode_ZIP` int(11) DEFAULT NULL,
  `Town_City` varchar(255) NOT NULL,
  `Created` date NOT NULL,
  `Account` bigint(255) NOT NULL,
  `Bank_Name` varchar(255) NOT NULL,
  `Note` varchar(255) DEFAULT NULL
) ENGINE=InnoDB DEFAULT CHARSET=utf8;

--
-- Đang đổ dữ liệu cho bảng `order_details`
--

INSERT INTO `order_details` (`ID`, `Status`, `User_ID`, `Last_Name`, `First_name`, `Email`, `Telephone`, `Street_address`, `Postcode_ZIP`, `Town_City`, `Created`, `Account`, `Bank_Name`, `Note`) VALUES
(1, 'Thành công', 1, 'Nguyễn Thị', 'Trang', 'ntrang123@gmail.com', 123456789, '58, Phạm Văn Đồng, quận Bình Thạnh', NULL, 'TP.Hồ Chí Minh', '2021-11-15', 111222444666888, 'OCB', NULL),
(2, 'Chờ xác nhận', 2, 'Đỗ Nhật', 'Hoàng', 'hoangdo7789@gmail.com', 326789562, '125/26/8, Lương Định Của, Phường 2, Quận 4', NULL, 'Hồ Chí Minh', '2021-11-15', 225303569503256, 'ACB', NULL),
(4, 'Đã xác nhận', 2, 'Đỗ Nhật', 'Hoàng', 'hoangdo7789@gmail.com', 326789562, '125/26/8, Lương Định Của, phường 2, quận 4', NULL, 'Thành phố Hồ Chí Minh', '2021-11-07', 332659783236, 'BIDV', NULL);

-- --------------------------------------------------------

--
-- Cấu trúc bảng cho bảng `product`
--

CREATE TABLE `product` (
  `ID` int(11) NOT NULL,
  `Nane` varchar(1000) DEFAULT NULL,
  `Picture` mediumtext DEFAULT NULL,
  `Quantity` int(11) NOT NULL,
  `Buy_price` int(11) NOT NULL,
  `Sell_price` int(11) NOT NULL,
  `Description` mediumtext DEFAULT NULL,
  `Last_modified_day` date DEFAULT NULL
) ENGINE=InnoDB DEFAULT CHARSET=utf8;

--
-- Đang đổ dữ liệu cho bảng `product`
--

INSERT INTO `product` (`ID`, `Nane`, `Picture`, `Quantity`, `Buy_price`, `Sell_price`, `Description`, `Last_modified_day`) VALUES
(1, 'Pyriot 4G Relay Module', 'https://pyroject.com/wp-content/uploads/2021/09/MG_1084-150x150.webp', 100, 1000000, 1850000, 'Pyriot 4G Relay Module cung cấp khả năng điều khiển từ xa đồng loạt nhiều relay. Kết nối internet thông qua mạng di động 4G, giúp thực hiện giao tiếp với Cloud qua MQTT/HTTP. Được sử dụng để xây dựng hệ thống điều khiển và thu thập trạng thái relay.\r\nCấu hình qua giao diện đồ họa được nhúng trên thiết bị.', '2021-11-15'),
(2, 'Pyriot Convert Module RS485 – TCP/IP', 'https://pyroject.com/wp-content/uploads/2020/10/Picture9-600x535.jpg', 50, 1000000, 1500000, 'Pyriot – Convert Module có khả năng chuyển đổi tín hiệu giữa RS485 và Ethernet( qua cổng RJ45). Sản phẩm hỗ trợ chuyển nhiều giao thức như: Modbus RTU RS485 – Modbus RTU TCP, TCP server – RS485, TCP client – RS485, Websocket server – RS485,…', '2021-11-15'),
(3, 'Pyriot 4G Module – Quectel', 'https://pyroject.com/wp-content/uploads/2021/09/MG_0778-600x400.webp', 0, 2000000, 3250000, 'Pyriot 4G Module cung cấp khả năng kết nối internet thông qua mạng di động 4G, giúp thực hiện giao tiếp với Cloud qua MQTT/HTTP. Được sử dụng để chuyển đổi dữ liệu, điều khiển hoặc giao tiếp với thiết bị khác.\r\n\r\nCấu hình qua giao diện đồ họa được nhúng trên thiết bị.', '2021-11-15'),
(4, 'Pyriot AD Module', 'https://pyroject.com/wp-content/uploads/2020/10/Picture2-600x535.jpg', 25, 400000, 800000, 'Pyriot – AD Module cung cấp các ngõ vào analog với chức năng đọc các tín hiệu dòng điện (0-20mA, 4-20mA), tín hiệu điện áp (0-5V, 0-10V) và sử dụng giao thức Modbus RTU thông qua đường truyền vật lý RS485 để trao đổi dữ liệu với PLC, HMI, Controller', '2021-11-15'),
(5, 'Pyriot Industrial Edge Gateway', 'https://pyroject.com/wp-content/uploads/2021/07/Screenshot-2021-07-15-224621-600x390.webp', 30, 7000000, 8900000, 'Pyriot Industrial Edge Gateway là các máy tính công nghiệp chạy phần mềm của Pyroject, được thiết kế để hoạt động liên tục, tiết kiệm năng lượng và tản nhiệt trực tiếp qua vỏ. Sử dụng làm gateway tổng hoặc gateway biên (edge), database mini hoặc Server mini', '2021-11-15'),
(6, 'Pyriot MQTT Edge Gateway', 'https://pyroject.com/wp-content/uploads/2021/07/Picture1-600x620.webp', 45, 4500000, 6500000, 'Pyriot – MQTT Edge Gateway chạy trên hệ điều hành Linux đã được cấu hình phần mềm để nhận dữ liệu từ nhiều nguồn, chủ yếu thông qua truyền thông Ethernet hoặc USB (mở rộng). Cho phép người dùng tạo data-flow và truyền dữ liệu lên server thông qua MQTT.', '2021-11-15'),
(7, 'Pyriot IO Module – RS485', 'https://pyroject.com/wp-content/uploads/2021/07/Picture16-600x553.webp', 75, 600000, 900000, 'Pyriot – IO Module cung cấp 4 ngõ vào digital (12-24V) và 4 ngõ ra relay. Module sử dụng giao thức Modbus RTU thông qua RS485 để trao đổi dữ liệu với PLC, HMI, Controller.', '2021-11-15'),
(8, 'Pyriot AD Module – TCP/IP', 'https://pyroject.com/wp-content/uploads/2021/07/Picture7-2-600x535.webp', 150, 600000, 1100000, 'Pyriot – AD Module cung cấp các ngõ vào analog với chức năng đọc các tín hiệu dòng điện (0-20mA, 4-20mA), tín hiệu điện áp (0-5V, 0-10V) và sử dụng giao thức Modbus TCP/IP thông qua đường truyền vật lý Ethernet / Wifi để trao đổi dữ liệu với PLC, HMI, Controller hoặc Gateway', '2021-11-15'),
(10, 'cái gì đây', 'data:image/jpeg;base64,/9j/4AAQSkZJRgABAQAAAQABAAD/2wCEAAkGBxMTEhUTExMWFhUXGSAaGBcYGRobIRsgHR4bHx8gIh8dHSggIhslHxodIjEiJSkrLi4uHR8zODMtNygtLisBCgoKDg0OGxAQGy8lICUwLS83Ly0tLS0vLy0tLS0tLS8tLy0tLS0tLS0tLS0tLS0tLS0tLS0tLS0tLS0tLS0tLf/AABEIAMMBAwMBIgACEQEDEQH/xAAcAAACAgMBAQAAAAAAAAAAAAAFBgQHAAIDAQj/xABFEAACAQIEBAMFBgQDBgYDAQABAhEDIQAEEjEFBkFREyJhBzJxgZEUI0JSobFiwdHwM3KiFYKSs+HxJFNjc7LSFkNUNP/EABsBAAMAAwEBAAAAAAAAAAAAAAMEBQACBgEH/8QAPxEAAQMCAwUHAgYAAwcFAAAAAQIDEQAhBDFBBRJRYXETgZGhscHwItEGFDJC4fEVI9IkMzRSYnKSU4KistP/2gAMAwEAAhEDEQA/AKVqvjpl6U4a+cOTKmSdQaT+EQPvjBVmIkiVMLG0GCYO4jAVKUCSIsIH7H6X+eK7De+e0VlQlGLCvFWBaZ6RiVmOD1UjxV06pA8ym62YHSTDCRKmCJFsbcMrVKdQVKZh191oBKnuJBAbsemLE5ZNLMIKVShT8QuxCpSAswWSCbJeSz6lIhI1AaMNnfEOFP0j5NAKwPpBvQF85Xy2ZOay1R6a5gmqINiWMujD3SUYkQRtpPUHFl8tc+0qwC5qmEf/AMxV1Kfldl/UeuFDL5LwlAJSvRqdBrglYkiQrqwDDzDo3USMSGyOVprq8SpT/hKJUj/eDJ+2Mew7K0hCkmRYEC9rX1kRBkHlGQTTjSD9JE8Ce+x6cxVk5zmrKUlBFUOxMJTp+ZmJ2UAdT6wMU17ReaTmK5gjTTAXymQSJLQYuAxIB66QeuIvGuYKaSuXDBiINViNUGxCAWQG4JBLH80Wwi53MzYYC2w3hAXDM8415DLvk04Cp0AK8q8euGaWmNrYKcPzyUzK2jv19D6RIwvAHG6n0P1/6Yj4hLjyytWdVsLigwN0JHeKaOZ+HZdfCrZdgq1QSUmQCI+m8HsRjjwjixpnQ/uz13ExcH4AfpgHVryqr5vLMX7xPT0x6cxMAiw29PT1H85PeX8PiSzE9/3pB1pKwRpVq8E414IDWZG7G2Bue474tYtMj6ySbk/1wjUM8QsAmD0wQ5fyv2iuqa9CQWqufwIgl29TAgDqSBiwHmQd/lfpUxOAgmTNWHkFavTaq4fwFBB0zqqlfeVeyARqfpYC5ss810mFH7TWAUP5MtRA0hV3svQab/EibnFiNVpml5qXh8PpU5J1WZFvFrkTuN3ZuoM4qjm3jz8QzRqBCKYGmjT/ACr3MW1NufpsBiSXVYlUCw9B9znTjTKWhb+zS1QyzN6YJZXISQFGont+/wAMd6XDSGVXYhjtTUFnb0CjDNy9lNQrKFbLrSA8QmmalVmadKhJW8KTciAMPIZaZSVLtHHPwFaKeW5AaEz3Dx17vGufDuFIrKHYJJA1NsJ6n0HeMEqtUT4BABpsRcEfv8Bv3xNy+TUUPDU+IamthVp5XxmZAFXSoZwaLowaekupDYX+cqlNHAatrzVErTdgCBVAQFHME6aqWR1JvAN4OCJxCVKBTkbg+4tzjO2sXFLrwaySlwneGnA5RFOXJHMoydU5bMNFGqZRzsj9j2Vv0I9cOZqCnmFC7Ft5PWLXO0SbYoDPcf8AGXSQNr+uOeT5wzdEFKdUkadILAMVHYMRI7RhDHsI3u0Qf1fJt501hO07MJcEEVYGZ4hQzGdzFAqNcjSdywCKSV/jUzI6r6jAznPhoo5dKJ86qpdG1azDGLaj5VIAkAASBAmcI1DNOrGoLVCdQYkyDM6vjN5wxrl2cCrnKlRi3mSkNKmHOrUbFUVp1ABZO8AEE+KQ3h0hTihHMHPlrPTvtemG2XX3NxpJJ5e/AcZpUyuXYeY+UDBr/wDJ80wVDWcoBpAOjb/hmME1NMe7lqP+8pqH6uzfpGJmX4XlswQvhrQqmysNWhj0DBidM7alIA6rFwsztbDbwRJA4n5bwqm/+HcX2ZcUgKjQXPgRfuM1rytzdWo5ml41VzQ93ePDDdQQLLJk+l9wMMXOnA0YrVooy1UrBCglg7e95DGo2BB7gg+mBFLlospXTDJYgjYjf52xZ/JvmoLrJNSiop7z5YOkgfmIGgnc6PXFLEzh1h1Cv+4cZFuXXy1rnWHmHgQE/VocoEiTleQIiwvJyqt8llkNdZVsmaZXxEqAkgGYYHSJBAse+JPG+Sxp10TUKj8cI4gAebykEqZGwMYO+0HNha1NQoPhgAG5OokAD5gTB3t2GAXLvGqtPNOFYNS0FKiElQtyw0i/n8ridtwSLHAipwJDiLTpn875it0FKlFJ0+eFJbtVpMRDMukOG0lZWd4vF7X+ODvBcrWrjxFJp0ls1V5Cz1AgS7+ign4Yicd4zpZguXpFVGlGbW2mnJIGktE+Y3OwMADHWhz9VqsurK5Y6RpUKlSFHZQahAHww8H3wAndudT9v76V4pltQ3tKKf8A5HkafkajVqFbF2raC3rpAOn4TjMc14qSJ+wZQz/6Q/mZ+uMwqWMXOfnWn+ycB876urMCkUenXRTRcQ2uCt/zTtPfvgNx3kHKZnLpQA0VKKBaNXdlW+lW6slov23mcK9T2qZGojJ50LqVPioYWR10ayfSMRMjzx9mqqErU8xQY2h1Hg7ACCdYQ7nUsA3EYjAONmRIqpAIpZr8tVMpVNKuulhsRcMO6nqMTcmjTKFlHoSJggjb1APxE9MWpmamV4plTfa2oEaqLx3BI9eqsL3F8V9Xy7Zao1KqIddiNnH5h/Tp+pu4bGh9MEfUNOPMfLdMoWNZW0d8XHp840YynFV8JhVeDBBcqukiZsBFzLWAu2gkiCcV3zLxkMToELPlEz2Fyelr9Plj3mDjW6jCZnMySb7nG8Iw4KjmdOFGwzK3AFOaePnUp6FZ0aotN2Qe84Viq/ExHTEejkHZWcIxRfeYKSB8TsMOHClWnWydc5mnTpU6KNUpkkMRBLqEjz+JcW6m+2GXlzNUfBoOrMKdGjFWkM1Tppq82talF0lhUn3hJOobRZQOKWd4ie+Brx1Pv4vlW6KrDLZDVsJ/64nf7HO2gYubhFDTSoikUp5cU6dR1JXQytPiipv5gIILWIJAMjG2WSm2U8i6aIR2JamrLUUEkHXEq/SDew2wwjGo3lJDdgQJOufKZERF+ZApbEbyEJWFSSCYGYgixuBcGQZ5Z2qm63LFVGVXQgkKw291oIPpIOOlPlzVXpo9lgu5HREUu/8ApUj4xiy+YaVJKzBQB7gAWAANC9B1O84BBNZzQUSfsjqu0+epTp/KQxxs4UfllLKcxPj48aWYxTi8SG9ASPD+qq4UixaFIJuAOg3+gH7YJcv5sUmfUDpdYJWJgENG+0gfMDE/lzhni1n0mdKkkz7ukgAzO39DiLleFKXRFR3Z9VMKu/iQdAHe8bx17YgBZTVlSQoQaJ5/i1fPNSylKm/hhoTLqSSzX8znYtYnoqidgCcT+M8Hp5KgHLg1qg00hSJ02s1QHrTX3Vb8TSRYXYOCcJoZHL1WqfekxrZSfvmH/wCtSLjLo1mcXqNI2ABUM6uYzmZao4Jdo6QqqLBQNlVRYDFHAtuuJ3skznqo9c4HdPos6tlJg6DuFQ+Xc6tKsXOtNVNkZ0J1DVuykyQ0Wm+5wYrc3U6ZpbVAPI9INUYtTkNLVagV/FVwCmkAJeIk4PtyMBQGll/idmCibWk2+A3+OFDmnkrNUEGY8MNRYSKlMhlg94uPiRgjwaA/y1De4Tfu+XrVhzthv7p3cpi2XHLL7G9QubOZauaqD7yadORTI1Aw0Ek6mZixsDLHa2F4ScdGQCMHuVuEtU1N71MQKqr7wVra1tJKMVa3pNpwkCoqAOVM2AoJTyh67YNZHgTNT8YmnTpAgeJUaBJJAAVQzm4NwseU3tjtmuBVqdR6dQedG0m+8dY3IiCD64ZOS8tUoV0chgpswWRM+7IEFgGgwL2tfFZOHCEFTY5ybk/bwNKLxSEmFEUF4HwMnPU6FZfdraKi7g6W8y/A6SPnhk5XI4mxpVyqZoy1OpEJU66CBs4GzDcbgkSWDivDBRrU8xTpaCCHaBADli6hlnUpiBqYDVBO5Mq/HOH/AGesGpEimx8Sg4tAmYn8ynyn1APUY0VhWcYjdXqLHgoTPiCDGcA84Jhtou4Z0lowU+YPLIj+IzqVxPluvljFSkwH5okH4EW+Rv6YgLT2sd8Wpyjz7QzFMU8xUSlWAhtZCq/qCbSeq/S2J3EOIcMQO7Ll3KCW0pTc+gJAPmPQEyb9jjlndluNrKCDPT5Ndrh/xWCiXEd4MDwOXjSvRzYWoGfd6Saj/EUUz89/nhdyvN1PL5l1qEGmwMEgMFYEMpg9iv8AqwE5h5r1u7LCyIAXZRsAPQAAD4YE5WtSy8ZmoFq5pr0aJutIdKlQbF+q0+m7dBjqFt9k0EG6yEiOYi/dFfPmmS4846RupKlEDhvE058y8QyiClmq5qtVYFky0LTLgxpdiPNTp2sSAx/COuBGW5nbO1RqpeG4QoGogKFQ7qVMqy72cNvvOFrLcNr5t2rVGZtTS9V7yT8dz+1sPnCeDUqFMEsKanYwGd466RuLRJIHScYoBKd95QAGU2HQD+5rZKdwpwuFSpazoJJ5kn4OlQeYuB1MtFRKa1qVeKbMqtqRm8sMlwdU2IAvFgYmbw3geWytSXq01I3A1OfnFl+BM98OvLOV8WizUqniIJR0ddJiPRmFwe/zthM5j5bbLMGWWon3TvE30n1jY9R88TMRtN5tALMH/qjTTOOd/Kreytjs4t84bHFSFD9oMbx1k3uBpwuKsDLcbyekeent+Rv/AK49wk8Py7GmpCz637n0x7hL825VxX4ewiSQFL/8k/6aQ6nJtcAOqllJIkSZiJ6dJH1wG4nw8SqojlzYrpvq6gAXP0xbHG+O0sqQcvTLVAPfZmAm0wisu9veJwocS54z9UmKzJP/AJfk/VQCfmTjov1ggJAB1uD4Qrzg8q4phayAVG/L728getROTeF8XytXxsvlaqqbOtZfDp1F30nxCoI9QZHTDXznzBSamtOqAGKlgoq06lSg35dVNiCvUTuNwIIwq8Pzrs2uorVW/j1NOAnG8sQzEKV6wcA/IKa/zEqkjSI9zlRu2DitxQjvqDmKnmN9XWR19cD6oIOJNHMMtoVh2YA/ruPkcGchQy+ZenR8GpTq1GVFNOpqUljAlXUmL9Gwm6XXDvH296aAAoE9ZiFksQBCzNgJsPS5xuoY9R88Esxllauy0xKBiqeqrYfUCfniScgYuP0xQYwyokk91BW6BUHNZ2tUCB4bw0FNYj3VJIHxvvvjKfFKqgrLhSZKgkD6C2CFHgFdxqp0Krj8yI7D6gEb4H5jKVEJVgykbhhBHxBuMEAUn6Uqy0zjutWspVmKlpx5y0s7E2uSSbbb/D6Y6LzAyNUIJl6RQHsdSOD8mQYF+ETjVst6Yx3tVtlFr8orEttpVvAVO4bxM0ldwACQBpFhYaQTfrLMfUYnZHidbKFatVJaoDoUkIQGABJVYZQwtqgFhMG84BHLm29jOJK8KrVKVbMe8tMrrZjclp77m18S/wAotBleVH7QU6Zau9cCs7QhMHooKgQFAsFAIAA2wX4XXR6wSkEAsFvJMdWsIb0EwOvdCPF6X2dKaioHUySWkE2vGwtAgDpgpyhxQ/aaaEwHDIv+Z1ZV/wBRGLi3U9mSnQGAMrC1RFYFTqzvyJVHdNzrJp1zXGBVqFQPulsg9J6+rWJ+mww3cmha1Crlqg1L7wHoZmD0IIkEdTiqqVe/z/v54sH2Y5iatS8KKRLE/wCZLk/LHEMPFapOdfVNr7PbZwakNiEpAgcIMDykdCap/m/gf2fM5ikI+5eHAgSrRoqADaQy6lFgxtYwrP7O+ZKC1MrQNOL1FqsQIbxCSBvMwAo9SMFecODjMZ9cygYpXcU6gNjDromN7IJ+IGKmp608yllKlSGGwO636GxI+GLuIbWEgi4gT11HWZrhGVocnv8AnTXpX0Lzfw8ApUENBFN4MaliabWke6CLiJAwvtTKQQSCBuSZH08s4n8M42OIZIuulGCAFRACsL6SJsJUadrRhQ4vzMqiBIcWYW8pFiNt+n1xQwKytuDp6fPKKgY/CuKxALYzz68+E+ZB6U5UXWrQcsBrsH0+/KA6WcGRo924CDuZGE7M8yU01UW0VUJ8yHzAnaQykEGPxIQcLWX+2Z0utEMaYg1GLaKSxsXZiEESdzPbHccMyND/AP0Zh8y//l5fyU57Gq4lh/lT54xLyUqKUfVfLQd5sOF8uNUU4MAJKzBA0/gXvfnN63zHGcoLrlVns9WqV+gKn/UcC8/x6pVhJAUTpRQERZ7BRE+u56nEviOcpPTKUcpQpL3AZ3+dR2Jn4RhZqsVYEWIxmIefbSFER3lXmTTKEIVUkUtaudXmW8RbGcMUM8vMbnucbHMLLMqhdUECdrX/AFxDoVipwnhnQHApZoygSCBVwcAr06qqhACIpJAt5VBZvmQP1+o7PZtncs/Ux6ADYAdFAsB2wB5T4kBWUFoDBqcnoXRkBPoCwwWcySCLgwR2I6fXCe3pDiEjKCRwmb+UeNdD+C8KhsPq/cSBzCYt/wDIGaevZbmCK1ROhTV81ZR+zHBzjmZpLmfs9UA08woMHo5Yi3aSAfRjPeVn2aOqNXr1DpSnSgn4sp+vlNvXAfiXFXzmZLgGXIFNewmFHxn9ScebKwxfSZ/Tf+KQ/FOIDGNlP6vpNuMA25xEc6ubh6olNVpqAgEKPTGYrzO8UzC1HWm7aA7ad9pOMw0nZyiAa55e1E7x3jJ6/wA1A5n5U0Q7MG1G0T+I/vt/ZxB/2PQpr941Km3VWGth8QoOnpYwfTDjnq8ZHx6dmKyDOzMFGr0bTMepnfFYm9jfAH9qPMgITE8fLKrmxfw21tBKnX1qCMglJ5AkkkHjbvuKcOAZZS0UXp1CqkkKCsAddJUGJIkgHfCj7SsmQwYfimwtGHr2TZAg1qpFoCT6khj+y/XET2t5AMjuu6MNQt+MSGj1Ig+qg4Ns3GrfWC4BJkW8B50jtbZLGz8UU4cndSRMwTcXuAMp7oPCqOylCXEld9mOHTl/J+FnVqBAFpUq1XUt1lKLkQQSJ1RbfCWo+8jr1w0cLd6aZirBFNqFSmG6Eupgdi3p6+uBuYlTbimIBB8b02nCJWyX94gp8PnCu/JeRDOzHYCB8SR/KcP+SXK5aojZikHYjVFoQH3fKfeY7xNhB64q3gPHfBU3sT+uGrj3EA1bWD5XRCvwKLp+gt8sNbZxK2W0lB/UdPmtC2DstGN2gv8AMD6UpkXzNh5ZjnFWzn+X8hxCnramrSPLUXyuvzFwR2P0xVnE+H1crXfLVya9FTYOZOkizIxk02joPLMggjHflfmh8rVBktTNnTuO4/iHQ/ywS9q+dTxMtXQgrVpHSRF4Mz/rjCux8V2y+yOUG3Ai8g6ZZimdu7LcwJG6ZByPqDzHmL8qVc5yuEfSGGgwyuARZri02sbjuCMdc/yc1NA+qROmCtQGYkiWXTP+9grluJI2Wy2okEh1J3UAOY/dvpho4zXJp64OgtBY6WB0+62pRABLMY6yTJvi0txaVJB4kaCYMefhXLqdcSF2yiNcxPl/NVZU4Kw/DizeV+DU6XCDUqJMrVrMCJmJCj6IsYF1cwmkm1hOH6rlCMlTogCSKKEEwI1Kz3+AbCmPchCRlf0/uibPeU+VbwyHz0r5bqZcy2/lYifhjynVINjBGx2IP9cFuHZhHqVyxCByXViQB7xMSe4MfTEnmullAEFCp4lQAKxQGCAN5iDPpiXg31hakgWHvXRYllAabXqqZ7qNZHOrmhq1LTrn3lJCio35lJIWTuUMXJ0zMBqyVHM0MuUp0apq1zDEI3lppO5iAXYn/dX1GKpOTqU0SoRNJzC1BcEj8J7N6G+CGSzRWL2/TD2H2bhy8H27R+03E+INuFZidsYpeDOEXcGL5GBkOHC8TFquXl4+GCtVgSwgpqBCC92gwTePKbdSDGA/MXJ2VppVqorMhg2B2KMVT3TqUmD5SpBCmfKDjtyk6hVquTJTV5VsBqKWeY1yDaOu4OzC/FFqgL0kmD0kRPa5k9Y6HrgjwUFqi410Fvt8muZQ6WjC4Sr9o5c+p8NI0+f8lxKvk2bSbGNQnttiPmuJLUrtUZdSsxYpJWSbmSLwT2vhy9pvBPDcOsaXGoRG3y+vzGK7pROBP/QpKUH6Vfe/dVVgpcT2kXyNMmb4tXzAVCYRfcpINKJ/lQWn13PUnBCjyrWEGoAkmIbe/p3xJ5TFM0WYAeJTcEnroIAH6g/UYes/mdGWSrTvUcRr/KolZHUMxBGroFMROHMQ8jCtBZTIGgtfSNL8aFh0P4zFDCswknU8NT9uNCuH8nU0EVNAY9KlRFP/AAkgj5gYTudeBmk/uwrCUIghh/CwsRNrHBulUMyST3xZA4MmZ4LoqLMK9RCB5lIZzK+u/oZg2OJTG1lPEocSN02tp0mr+0Pw2nZyA8l1SlTB3ojImw0iOJr5spreBg/U5VreGKgFj0F/h9ceUeA1GrFEAdg0EL0B2YEwCrbi83HfFmtRXxAhAApqJYbmSIHfYi3ww+zhUEEK494H82iubx2NUwElOvwCqdpsUMHDlw3jFKsAtd9FQWWrB0tH54lg8dQDPUTLGH7RcgKOZ2AZlDHTsdxPxkfp64WaTFCJ6wfkeuPHGmnU9i9dOYOo5jhVDBY11opxDB3VR1B5Eaj+xFWtnaDVKKZejWpaAfEqsK1Ma2NgIkvpRbAabtqMWGJHBaiUjCN4lY21hWCp30Ai83GshY6DqEDhWfKwJMYtHhlNMuprwxlEGoWVtYD/AHZkTBGkibgNtsXQ0nDspaTcaDKb68cxPpGUzHOvYh5bizBMkq4dBoIsOHGYkkiMgCnMabAhQmwIkbHsRjMCKnNNUklKvhqTIQmSJ3m4uTJta9rRjMC7B43Pt/pqMXEpO6JgdP8A9B6DoKO8EZXyeYyyuXai7ISwgkqZaAJ8vmgegwjZbh1SpXFFBLM0AfzPaBue2D/s75kL56tQdU1Op86gKzlSEJboWHcDErjnjZV2GUpnzWqVlXUyyT5BE+GJHaW3B2xHxmBW5idyQDmSSNc/ke8d5sfbSMFhl2JNt0DoDfgALm97Cmh+IZXheXSk7gtFkHvOx3MdAT1NgIwrV8w2ay2YquLuFsLidQIHewEfrhZznA8xUIqkFRMvVqkhfiWNyfQST2w0ZIIKXg05IFy5EF2iJjoo6Dt6nD6cM3h0AoMqBEngB86m50rnsVilvkqcsVb2eZUdflvGqfymVpjO06dU6ULwxFvQd9zGHjnrP0BTTKUYanTVtSJt0Oomd5O++564UeccpoqtbY2nEXiqpRVT4oqO6q4VZMBgD5jtN/dE+sYJiMO2XS6eHl89aZQ+pbaUzY3jnbSg2Yp6II69Dg3wrOmpTFN1JCe4yCWUEyQVkFqckm11JO+2Ab1WeGczFhhm5ZyuTRtedVqgFxTBMT0mCJ+oG+J7q98FJEp+XptpxbSgtJhXy1dSm+mqjegYgj/dYKcEc+Gq5NaNSpTTwqniU2qGPKwIqKACWN9LQqnZusYnU+Zshrc0uHq1MAXC0lgDfystyZ6TgbU4nwrMagcocuTs6Hb1IAAA9FB6W3wqywhl0OJkR0PtVDE7WdxLJacSDzvp3/NIqB/tEfaMtTolGpUyiUw8gN59TNUHQM7MSOimLxgrznxMg0mVX8wILtIdiq00IYNTRoGnUCQZLt2gJHEMsKVYo5LIDMqQCVPUSCJw1DlKtUoLUo5ipVyzMAoUE6Df/EWYULtInriw2/vELTpbO9/nf0qItKBCV68rf3UD/bDkEajfFp8+81ClRYKRILH5+FURJH+cqY9MUXVqFTYk/ER/PBGvXbN1iztAMb9AP3ONsR/tBCBmJ849IrxLYbMiw17qFZekTYYPZDhTMmoAxtqi09p7+mJdDJqfJTFupi5/XbFlcE4G9ECjobMD3q1EAgUiyrBVpjx9PVfheTg6GUYVHP53cM40oTuJKjb79LC/HKcjVecHNSgxBUNTcRVouJSoPXsw6MIZT9MdeYOX/s6LmKOp8nUMSbtRY/geOn5X2PWDiwH4RR1hS+ukw1A7FbxDAizA/wB3wq8azdXIVmpeWrSYeam3uVEbcHtP1BE9MekbxCmbK5/uHA/fTjGQGMWXFltQy5jrINKeU45VRDSV/JqDaegYW1DsSLGNxvMDDzy9xtaukT5/y98V5UyKGu/2di1CzIXsRqE6D3dTKmN9JO2Hjl3kjM5ikPAVUWqCKleoTOm0qig2U3BvLXkqPKQfnkJbJUL8PvRcTs9GIIBMEaigftB5tGZIo0wPDpmAw/Ge8/lEW77/AATaVC04uZ/ZPkqanxK1ao8XZVJHyCiPlJxX/NGTGWK01ZatJlOhwullgiQYAuPUTfE5haHFkr7rU8G+zQEoFvnjUDl7PmnUEmzDQ3wMfsYPyxaArL4VJWjz5dQD6oWU/RgxxS9J4bFlct8TWvSWjUcKymaTsYE9UY9A0AhjYNM+9IJikrxGF+i5SZjiIIPrTuy3W8NjQtywUCkngZBSekiD1rbK5RnqrTQSzEaR6n+Xri4eLZmnlMoKIMuKWhF6kxGojtMnCFmKx4eDUCf+KZbM4laQO8dGqEddgO98RuCLWruajFmDXeqSYj1bb5fQdMLYDZp3O2cMJ05/b10imfxHtxOIWGWb7ufXXqALcMzlmqajl6uXLIrhrRBHmos6obEX0FVvaMWTwzw3SQCap8xiAxZzL+beSxJ6gDYDbCf7QeHwabUp001gGOuosW/4ifkBjvxPmCkMquY0jzJOnoKgMFf+IBh6AdsXFIDgChaZPS8wR0rkMS4tSAUDeEhJHPSO82zzBiL0t+0jQM8wYllVAAJBLEATtsJ3JmSGje0LJ8t+JSqVq50E+710ergdO4tAv2GA/D82HzSVa0sNYZwIJIF4AJiLR8MWzmlGYy58IhUrU9QVkv5gYY/ESdovhJ93JKdPa1VmGtxIB+dNfv5CokJpsUaLGDBBHyIthl4Txh9C02MqCSs9JiYO4B3jvJwMzXA6YpZY0XZ6lQRUW3ka1j2u0XtbGvA8hmK1UUKVNjUBgjYLeCWOwA/ucN4bGAphdo+f1QsRhw4kimzQrXjf1xmHTJ+zqgEXxa9RqkeYpAWfSxsNvljMF/xJjifCp3+HucfOq3VM1Rza5pKTlFcnyXgNMiNxv17YsbP5k5ymmapSKgGlyrgMSBOxIJtuPT0wyZfg1HQKiSNYkaWMHVcGCSJOo33ub4rbhWcfKZjPZEgbs1Kfw2YiPU06n+nCzL3bqJj6h4RYEdMj3eJ8SyEN70wEjTleeufWTNqZM7wRnRzWdqpVdLLTEtNl1QwB6sfUfoU4HkaVMQWHkLJUcwJiRsGMafKSCLENc2lay3GKhM6iR4ZB1dyQzH/TJ67Y15PzApVGEiAzMN9m/s43Wy6ptSVKy0A5fPgqcMQ0gyhGouc7mJ1OUTcWmgntU4X4dRWF1ay9IGlbWsetx0I7YrXNNIW8m4I7ARH8/wBMXp7WEWvl1YSGVg0xHx3+P6YorO0o+uAukrwoV3Hu+CrODN1J4G3TOvabwB1g/L0w48K4OM2JpQRM6R+GQPevKxEdjJg4TJlcF+EJcMCQe6kg/UYBhMP2tgYIpp1W6JNWLwblIeGRWo6mZjpHiaQsgCZUW2Ildx07heOcsJlkbxNCDZXkzvsq7v8ALtcgGRyPEa4AUZrMFf8A3X/cNPpgjnKmXpZSo9RVaq66Q7GWk+pvbvhtOz3Ar61CCdJPrw4xSLmMQndABk91Vpnm1MTBAUACd4Fvr1w7ey3jzUnfLloSra4kBjZbwYvbbCHmXkmMZltUjTIPQjCiVpS8UpEgiPt7Gm3mu0bKZj2+elOHtAGX+0eFQKuyCKtRLKX6hR6H+nTA3huTmAMecL4bMev9/wA8WVyby+pSpU8OnVqKF0LUuiyTNRh1CAfriqkFpHauXNvt735X0pIrQ0Awg8Y14nrkLCs4BwSmtCnUNEV6lVmVabOEACRPUFmJOwMAXwy5vMtSqL4mp/Ij0abuCtJjaGK+9pMQewucc3z1NNL+Ej5eodOg0wPEZANVZFay3bSB1i+BHGM8viMxqK4BjWRoJPYAWEAbRFiPw4TS2448VqJ3SMjkLxbIg6G8m41IAcVikNtJQhI35/UJk63uQR/y2gEgnQq61s4lJWd28wktMWANz++Ky47xc5moxVWY/gABJ0j0/XE7jvE3zDCjSk6iBAuSfl19MM3LXKTZVXqVF11AvmAvCkXUEgS5BvBjp0u2tYYRzPz5/caYHAlJ7Vdz6a/M+t6XfZXwanmK9ajXVtChXY7QVLeUg3GoE36BT3xYfFecgtT7PRUCkim4KibeUDVYXg36etghLxykXzK5d7VEARiNJaYLC8X94DvJi2J3DckwXXWqUwhM/eMFv3hvNO/Q4hhlM/Uaslw6CjVbjFbQWLhiWsIkdYuN2Pw2v0MCOa+WXATUPvTNRweheAF+IVBPqSOmCFPjVNSpoySpgVGEKp7IrCSdjqIHSL3wVyf3jNUqGbSbifQXnf4fth/DsqbV2ywALwNeHzWpeNxhb/y289ScvnH+ao/imUak8HfqO2CPCK0RiRzUmp2bqSTt0NxHp64EcNq7r/dsGSnscUQBAV60+D2jQJq5OWc/WekFpO8iRpXU0dvKJwRynD8xW0NWqtB/MzGAW021DSG/hnVAmIwp8hcQQMyVLrUEbkeZSCokA2lQNuvphg41xGr4h8x0NIbSPdBItq3A1QCJuWnGy0KDpCABN5jTw+RzqOvcSClZKv8ApkxrFpFvUnQiaYcxlaLUWFRChYGVe7EXXT7o97abbzeAcUPzCrqPCLHQjtANrmATHrpGLj4fmNZbXDFpJNtz133k9MIHtCyKozN0bp6/3GBtoIStsm5E8vvyo2DxIKwALec89Li9gKRcjBYanCCbsQTHyW5/vbFgL7QEo0VpUKZqsqBNdYaVgCLUlY9PzOfhgTyPwrhddYzlatTqzsHp00I6eZlJn6YfU5K4akNRoV6/Zlr0mA9dr/TE5ooTBdBj5zHrHGrKpuBnVZ5utnM8wEM4HuoigIvwVQEX6Ysn2fcFqZQzUV9wXQEFYiJYdSMMnBeD+GjNSytdGGyzT+Pl8irN4uZ7d8TkztcipQrZepTV1K+M1Sn5fKZMFpI9FnBl4toqKEJkGxOXgB85UqtjELTvKUEwZAAJJ6qMAdItrTRQcaRoKaYtEbfXHuAPDsw1Omqa9OmREbXPbGYTUwoEgXrZOJSUgkR4fehvLtVamQy0s5KrpkGCPDJX4XAwh858OqU+KUqtNHZHRSzAMx8so0teTpi56HDD7Oak0alOZ0VdQ7xUUHf1ZW+uGfM1FRWdhsCY7xhxB7J0kDj5/wB1ivqSQcoqs8j4q1mTTBYe5UcFvkqye1vTE+hljTbxqlQKGWYJVBafxMSI3v8AHEbiWWatUp1nqsKTXNNFCsAFZyAZnyqrEneVNuyLnH8V9TKW6ednc/Mlp+kY2xePW2QCoCeA+/se+t8FsZDwUUonIXPy4gU58z84oyMjZhH/AIKQaoPTzP5AR3X09IrHMVNbdQPW5+Z74IcT4UErmmk6SEYT0DorxPWNUT1jHWhww1ai0aCM7tYDqT1PYCLkna+PU4dTre8TAz9/SvQEtHcAv8FCmgA/pj3K1YNjGLPo+yFxTBrVJcidCELHzYEt8YGFbmTkt8oVq6teXLAO34kk3DftPfoJErMuJbXYyKIq4r3J8LdkFSrVNKmwlPxO42lUkeW3vMVHYnHmYfLr5VpNWP5q9Rz9BTKAfAlsTOLVi9Sq56VCsdgGIUDsAAAB2Ax05Z4A2arCRFFDNR/TfTP5jEelz0wg9tPEPKKQd0cB7mukb2VhMMwHV/UYmdO4C3jnQfjHBpSlUWkAzJrZUBHluQYk/huT2k494Pwuel/+8/thkfnPLpxRWb/AQaPEp30n8wA95RtA6THYu+e5aoKftGX0lGGshLqQb6qZFtJEkqNunYVcBiENndWL6H2Pz71yuOKuzKmx3d+lDeS+FItZdQUmDpmNOuDA+GqLd4wdq5rN+FVeuGRqbKKDkaWmYYWiU0yY22wvVKgqEqsaep722wSz+f1018UAulhUJ3XpPeD88POoUpYUQNM8xBm3XI+hrnm8XuoIJO9eIJgyALxqM0nTiKH5/Mux11XLmN2PQdP+mEnmXjhPlToencyLfIn64m8ycbA8oM9/h8sIdfOEuCvT9/64M46nDtzrkBTuCwZWe0cz503cPp1ckaNZSusVFLgmTHVTH4bib3PwGLV4TmmzeXWo66S2sQjSIBKzcbmCYv8AHFTcPyeVzIAqZypQbcg0UZZI6Fayn9MO3As1lqNHwFzzPBPn8IT5hBia8AfXr3xMLL6jvKSZOsGqrr7X6ZAjnSnx/huWTKJTpIfFpMwqPbzAE7kW779h0wucMZBBIHxj54YeasplKSsKVXMVqjXJ+7popPQgKxb4ah8cJzPCjTaRDD+ITf6QfmcMsOqZI3kwOda7oWmxmadDxpLJTUkmF2N56CLmeww1ZLNLTUGuSD/5SQSPRifd+Fz3AwjcKrCjQV0MVauo6uqoCU0qehJBLEXgqNiZlUKgJkYnbS2wtCi20OpN/Ae5npVrY/4UwuKSHMRJTokGJ5kj0EHnen7mfkjK1Ml9sQ1FJTxGgqwVd2OnSNQTsCDpBiTY0pmaDUKxVoJEXUyCCAQwP5SpBHoRj6Q8cUOClqn/APO0A9TUB0j56hj554vTnL5dzuNdP5IwYf8AMI+AGCMuPOMh1RmCI8J+danutNtPLbR+kEjuBIHkKKcJzZVh8j/fzH6YsGtmaVagERXerp0wt4HQm8QIG/YYqbI5hZE77w0x+l/lOGerxlUZVNKo7oZ0OAlNT0+5UCSReWJ+F8UF4lJAIGR6fzUt3BBxUkkdKeeHOVUsEeu67pRI0qYBOqo3kA9RqHcg4rvnrmBq9Up9zbyzSOsRH5zv6xa2IXHuN5/MDRWqP4M+Wmg0UrHcKsKYPW5HfAnTCidh/ZvGJxeW6u/Tz+cTzppnCtMj6B7+vtblUrK5EkDSCe8YOZTh9ZRMOB88FOCUaWWpvTqtUd20+IlNlUJE+UnSxLibgAAGRJvg+eJU6tLwxUq0bQCxFRfmwCsPkG+GHUbWwjSuz3o8Y8QKO7sbabrfaNs7yeon/wAZn54QeCZSoCCDfph3y9LwmWrWUG0aiNu364DZPLPSKA/lBVgZDDowPUHviVzVmn8KCxjDjyy6sAGx15d1cilZS4reEKBAiMjOs0eNGjU+81sNV4VWIE9JA3HX1nGYkcpV1GToBjB0SRqjeTt88ZiKvEuoUUgmBbT7VZDDRuY8/vSB7MqilgVJ1aFDpsNIJEkxdpiBNhP5sOXN9aktCXaFJC3Zk3InadhJuDEYqL2f8w/ZGqu2lhAEM+mNzYkG9sNHNHMdPMUwK3hqCLU3YHy6QQQR+IkgjY7biThtxBL29p1p2YEVz5aWlVzz5amzkGhVhmO+umqpbbUFdjq3ho6RhSfK6KhDSHDAEHoZuPkRjXl/i5oZqhmKY11KHldF3qUwCsr3YIdJHTSrX80WnxTgWWzuniGWqIyEhqo2BURqJ/K4G6neO+8jarS1HeFzEV0OxMa1h1lDtkmL8CPvPwXFfZ3IDxapiy+QfCmBTH/wxYPsc4AoWrm3XzMdCeirv9Wmf8gxXfFuMipULCwYC39/XFteyXNh+G0wDcM6n4+K5/ZwfmMXdoEt4RKByHgCfUCuawxUt0uK1v40Z42wJYEmTtE27Extef8ArgJVyqZk5nLkAo6FTfuBf43J+Q7Yn8Yz5puzXaB7swAQZBJAnrsOnfqvctPUy9LMZvNFR4aayBqgRTFhJ3J1W/y4gwQJp4KBqp+B5+mUZKlMGtt538NH0iAS2mzWEyyg7zOCwocQzdLRUdMnk1tppKYefypTLVKpPqSD3wqcvmiXZ65qWIIFMISSZn3iABte++2HenxbSQ1KioMeV6h8Vx8AQKan1CE7XthxvCKcu0mOKjH9+VbPYs7gS6okDIfPep3DuWcrlYP2ZXTTfNZ1hpm1kogEMd7Q56EjEJfaM1HMuhmplDAHkVGQj8aKpgD+CbjsZxFzlDMV211CzE/iYk2+d4/TBTIclCrTJbeJA6nfb03ubWGHf8ObbRK1346DuzPU+FTlbQQTEdwuaMJltY8egQ6Nfy7NP4h/F39exmVrj3MEAqu4sZEQb2v13xzydLOcM8SpRC1KA/xEDpUCE21eRiUNveiDsekK3MnMLZp9bU1V/wATL+L4iAJG049afLZhZChoQZ+e3SAPHNntKcCykg6giO8jj6+NaoS+qoRqVegneJmO388CkGp/jh6VF/2bRCBrVD4wFg1vIxadliI+fxUqsvmaYUSWKqAIvcAYxRUp+FDIxp8ApkEBMg6eETby+GaaOB8NpMsliLfl/nIwX4ZwmmHME/MRvjXLVqeW8lJUeoJVqzANPcAe7pGw1Ak72mMS8rx6rquKRHUGkn7hQR8iMLubdZCilAURxEAd3wU6PwjtJ9sr30pnJKiZ5TAIB5ZjhXfmXgOX8DX5i0E9gLgD1P8AfbCHwrg5zFPOBQPu1VxLBbjXAv1ifp64t7m/hhTIGtGnVTBdBJ0k7e9Ji4EdLfKsuTlpmrWaqitT1IKmq2lGWsWYHoQwWD3jDO+l7D7xJie/ppfvqPh0OMqU2rMRrbuN9ZpYyubAHhsYAMqdwpMTtupgTG0COstHBqaKVqZpwlFTMyCagEeWmFPma8ah5VmSRhL4iqio2iykyB2m8fLbG+R4jVp2RyoJuJ8p+IPlPzGJLuGbU7uuaGOtXcLtB9huGzE+Inhz9KeOZOba/E6q06VMrRp3p0gRYC2t22EA7myifUkdmOH/AGiqlGkHqU6KeY092JYl2UEXJZoUG5CiYuRIp5ZnBXM5wJTBgIh8NWZSC0BlVCVDKRY6pEEQSOHFuPU6dOmmVYTa+hRoKAq1ysv4jRV1MbEJYFQRY7Ydn2aRYZcBOZJznPhHOam7t5pdq0vBqssq+kkAi4PY/wDQ3Gxg4nJW8VqchjAgsASTExP6DpvgKrXxIpVdJkGDtF9vl+2A2UkJmtyLzTbR4eK+t67KosFRTqYifw6bepkiO2AVHLhc0igEIjAhWMmF8xmwEkA9MNPBeJZNMuFq1yJJLqo1FhDEQOjTpEmI6YWxnadTNJ4aaULaRP8AH5ZPwBJ+WDPYdlpCoMq0/j+z1pXDYh1x4pUghIMT8/m15opkmJViSSSZnvhp5T4C2brKt9A8zn+EHae/QfPEbl/loGPtOYoZdQfNrq0w3yXVb/ej4HFjUOZuFZCiETMI0XimfEZz3JWxPxIA9BjkmcG46r9Jjob19Bxm3GmGdxlQK+IyTznInkJvnbMvzNSp+HSSADJ8OOmhC0fDSn7YQObHhIx1yvMr57OePpKUaCNpU3/xAaYLRbUxaY7L6EkZzZXOn++xx12Cw6milCsxcjgTp4QTzJr5XtJSF4hBGZ9BkfUTy5Ud4WYo0gelNP8A4jGYIUKmlVUVKdgOgPT0x5gBcBv9/tSDmAUVk72p0H+uqA4aqF4fVsdOnv0n0wZoprA13WSp2mI79I6fPAPh+W8VtEiYJEzeBJiAbwCb4lJm3p2UwCLj+/r88MJTvAn0zrqFZ2qDmaeh2CsYU2PW2DOQzebZGCMD4nlfSE8RhGxbT4hB2iTOBuW4eampz7gO5IBiRtO8SNsEeEZWu76Msjy8AA3M7/pf5YGyw5JUcvIda9WtItNRXzG6tIYGCCIII3Ed5wycg86nI1GR5NCofNF9Dbao6gixG9gRcQemR9mmaqVQKrBQ2olwwqk6RLAaWhn9Jm+C9f2akU8wgLAgI9I1ECN5TFQGJ8sNsDFpjGOq7VO6og9DxNuI555TWnaIRcyNMj1+fc041+Y8lVXW2by4Xe7qT3HlN59DivfaBzouYp/ZcrIy4aXdt6rA9twoIBuLkCwAuocQ4O9JVdzILlJmYI/s/TBXmXK0ffRVC1aaVF0/hZgA6z1AqB1wi/hFM3Pz57UVt1CxKTNBMvS8OqASLjcdZ/7YdTxRNShE0qotN/mf3woJmnElNQQgqQtyQenw6YNufdMEWG+/Q7etjGKWCMJ3T8n58mlcS2FxNMdLMPVdABLFgFXaSTA/fB7McXDN4FM/drbULeIwtqPcWsO0E3wvcq1vv1jfQ+n/ADeG+n56oxxydWG+eJe3XylTbQyifP2q/wDhLZbTnbYhQ+pMJTykST1OQPWnXkTJRmaqOJp1aLgiLMCV6dt/ril+cOFHK5urQ6KxC/AEj6Wt6EY+gORkDM9Y7Kkaj+EtBN/RV9LEd5xSnPedGbr5rMIPL4wKd9LKVk/HwkMdJwtgWVFtW7kL+P3vW22Hu0xMqzgA9f6itsuA+WRaTxUcaai2Ys2pipA3A0NE2vf1xF4dw1qGcy+uLkMpFwTfT/qA/TvgtyWyL4TMAoam4aq35p2BNh5LfOemOXNaV6FekztLo8oDFgrKRtuCb7dx2xZUntVGNZz+cbeFRUq3VV3y7Tf1w48icuNmKoqMsUUMsfzkfhHf19PjgFl8xkaLKz069RXlqYXQiR1UtJJKnymALj1En6XtJqkClQoUqCCw/GY9B5QPmD1xBwuxcUoypMDmR87onlXYbU/FLCWihgkki5giOkxfTQDQ8G32jcQC0lo9WWqzeiijUj9bj/Lj54yyuxr6FV1VSWLAmwMAi4vJH6YfOcONuuXZ3La6y6ELRLT772PuhPJ8X/hOIfLXAWqcLLJ71bXPyq0I/wCWR9cW0JSgpYP9mf58r8uHS8rsy8RAPkka88vPO10FsmxuRj0ZUYaanLFcdLD+X/fDaOX6VCrlsscktfxVpmq7+LrPib+GykIoTbYkxfDS2GkZJk34aZ51s3i0rmFDTzy8aq77NqibwIEntt1x4aSifKSfif5HFtUuUMvQQt/4aqxrVaYbMNVChabaVAFIRrI8xLHqIGPaXKOUSrVqaPEp+JTpIjGoKdJ6in32Ol2pioFQG3viZjAi60lJhHfHOKPJKonz771T4ypPTG32F+xPwvi28xyvlkqUatfLGjqFVWo/eaA6BdFSATU8IloIViLCDE4ylwArUq1Fp00R8lmCr5apV0OyiDZm1CLAobfHoFDjKkhaUm/Qd3Wx4+43cSptZbJEi1jPmKqCplG7RjyoWAUbDp8ep+OH/hnAA6KCN/3xC5l4ZToNkQ4AUvU1kxdRVEz3ETj3G4dDISpJvI9/tS+HxaXllA0modDKJmvvBUSlXP8AiJV8iVD1dXjSpO5V9ImSDBgEafLL28atQprNz4yVT8lolyT6GPiN8FOG8MydVYDr4zaPMsINTJSgpTZkOhqheQEneNNgS9PlhDUVZqoJcBWAYvoKaXBVQAja/eNpAGozIcbfShMEkciMozj+Qa1c3iZSAfnzWunDzTpotKkCEB1FmjVUMRqMWAAkBRMAm5JJwL5naYHe38sGauU8Lw166Zae+ph3I2A2t/MFxclqtJe7qI+LDDDZBO8k8f7qAAtWK+vP+MqiVuZHdizMSdtgLCwFuwAHyxmLbXlbh6jT9joW/MoY/MsST88ZhJO2WAAA2rxH2q0rZoJJ3vWqd5v4LTyuezVKhT0IpRafvNANOmxuwPXrM3OIPBuVzXd2qVNFCmPEdlEtEgBVBIGtiwAnbf0xZHtNpotelVeRrWQV6lN1+jr9MSOV+F6F11np06b0yngsCxKtF2i42n+eMS80jCJWcyO8kZ+/Sve0eViChKbA56RFvOLUO5Y5OyraKtJmemQ+lawViKi6TBC2cFSSFA6R1wxnLIHp028lWqtSmtYU0psSVsRSHQGwJiZjrOBnMHIozKU1ymd8EU5NOkohZYyTuGLGBeTEWGKn5myvEshWH2lqmoEFKmosCRcFWN5B6GCLWwocQ04TKzrAIyzj1+oXki4VmDfl12JzkH0m0ETbPMTYi82ZxTmbJ5dAlIByaniVVBcICARC6oZZnYbREnCrx/2jvAFBRTVdSgSWnVZpLTM/piuszn3clmYliSSTuSbk41pUWa52GCIUyhAbYTJvneJmTH6deGRrZxlbrpefVKjEnpEX/VoNdK71c1VqiGdipOrTJie8d7nBXh1WjUUUcyHUfhrU7lZP46cgOvU6YbtOJXLHDKVTUtRzTYldDEfdrvPiGCwHugEDc3gYNZjlU06nh1F0Mbg2II6GRYr6g/0wb8qHD/mG+d8yOR4enCtVYhDQsIHLLvoFzHkq2XFAsiGmJ8OtR/w6gmQJ6OLyrQb7YIZyXppWCPcamJBiOhk9LfCCMTM3m6uSVsvVppVo1BJpvJVx3BGxHRhBU/TETPcZy+ginLq1MhQbOgjTpaBErYhhAYAbXAE48vCiDdOh8vGOFjyvW7LKMSUqTbONZn+fAiuORzZR1dTDKQym1iDI3Eb9MNC5AZhvFoaQrS1RCY8Hq09fDG+oA2ge9YoVMwoaZhipg/MH4Gf0OC3D86VhlYqR+IGDPeRfBsXgWsagSYIuD1zHQ+VGwG0n9muKcavNiDkYyPUH7VZXDOY6Yp/Z6M+EJXUyktUqEGGK7hLTEiAok9MJfM/Lj5emyEy9Vw2lZOlV1QNt2dzaLBVteMNvLfEc5WAbVUZZAJbUIMgRqPxHXttbB3imRCUjVgMULMrQ2pSBaADF3Fw20iYJONEFGFX2SR9PCZkjK8AgzyM5ZWqarEuvLLqpmbkiLG51I9NeNI/scWl49TLvTXxKZLSey+XY9ZYfJcHvadyKKp+1ZaBVVfPSsPEA6r/GB0626i9dVsy4zVTMUGWgVChVjoBC+7Am2wEDaIwbpvXzlN8w6srI14qDSPUliNKCZMA7jGoQtp4KndjlI6Z/O6mysEWvNQuA5fMKqjwvEp1bimy6gxgwdIuraQSGGkkAwYnB7hOUAdiuRQaLMT4z6DvcO5Xb8wOOWRz9VWV6VFIKoHlWZmC0ykvBiDrJEAG4mYjBTLcbDvBpL4iSVN4UMKaKAAbxoO47dLYdUp1RndF+Cj5we6Tp13alvPthKgFn7aWtofGO8J/tUy1UutWpHlVVI6+bxCLCwA8MjTNoFuzd7Pc7Tp8Kos4kAOCDcT47EW264VvaZn2q/dwoVdLGNRJPn0yxvs7WmBhc4Vn3+zNQDkXELPd1a3zGESwpT6d+1tPCKaahWDCUGeeZvJnnnN6tTNceowQqKoIi1rDbb+WNOK88ljFJ2RLAqD2UKYIMjab/ADxUWcd0MFj9ca0c+Z8zb9Tf+xh0tsBUKTlOd86XawK0gq7QmYytlMZdas/Kc0vTnwXKA7gQQRG9wRPr/TEihzeyUqgDHxXcOXkEEaSCCDvMixEWxXNJ5E6wZ7GP546KSPxfrgqsO2ozu+l+v2rEM9mN0KIAtrbpw6509LzTV8TxfEbWBpm23aNo9Ij0xpmeaKpJZnJOkobCNLbqANgfQYRGzI/OD/2jp+2I1WqehIt/fXrjwsti+6PKt04dR/efE1ZnAMwIQ2M99r/r2wse0+qHXJkfmzH/ADF/rgXleP6EA69T23I/liLx7PGrl8qdyr15ntNM/HCe0AhKUrHEehrbZ+GcaeWTlePEGpeXtVQqYZVWCNwRefQ3wXy1Mh1IJBvcE9u+InLOXytbSTnadCp+JMxt6aW8qabRuT6YcU5PzYcEeC69CGe/0Uj9cGbx7BH6o6z/AFWP4Z79om3Ktshl/wBsD8xSH2zLKdjVpyew1if2w4ZbgNdRcIPViQP2wB4LRy+Yzz02rBqtAz4YEBrXIJuwE9AOnTAl45obx3tD4xSGDwGJS8FLTA7vvVl+On5/9JxmIcU1tp/s3xmOd3a6maQuN5w1+KUqbsRSRltNptc/MD5DA5TVcMWHmBIcECxBIIuDERG3THDmSstSsCh82kA/FQBP6TiVwvj9EtozZFOoYHjGdFT1ePde3vbE33Jm0/h1dmhSBYCI96nMOpWog5m/z276jR4V/EenV7FYSTOlSJmCAPMBEmNxgxm+PUM5TOTzBDrUTyMd1YCd+43B7gjYjB85N9A8Ia1jym1UfENBm1sV7zgpD6oAdLmAFCxfzRYEkAXubYmkhdOD6bVWtbLaKjIblWIJ+B/ngxkqBqMqIhOwAUSSTttcmemBlIl3LHqZOLK5F4PVo/8AiXpOlJqThazD3NSwKkK2vTeNQ6GRiphB2bRXa+mUnQf1flQ3TcD4OdGuGcP8HL0aFajVDs5JohYFdpHhg1ZsqAXTfr647cRaHFGmYpppZqasWRKkecISSdMnaY37A434jlkoZVqLKqtWKupFU1AQpu4YIqqIOm0sZvtdYznEBTSQfgQRf0v+3rhjChbiQ44IMm0yJnMHLlqdJiBUzaMb5YYVvZXIg3GRAJz4TfOM6F898QUhKUzBLzuR0H1/lhT4YoYlepNv03npjjn8watRnbvjMnqZxH6dBhbFEYlfZpy9aoYFH5NsRmOPOiHEMktIJoqrUYgmqEuEuAJPrMT3t8cyVc7f3/cY7ZxBUkCkEa8lNQG3VbiJHSB6YHZdiDHbcdsMMJLBCKxau1BVVkct8eprTSmR98hYI0mNNQHVsYLAlt+hH5cO1HMeOIc7AAsTIJnVEXMwDcfmGKayGZ0HVIEf3/XFj8C4uzodBCKBLVHgKndjMD6kA98ExSWw3vTGZueN7fao7yHi+ncBKTYj5GlqU+aciuXrkHTEwZ9Db+nzwM4WuYqVXNFS0LBC6jNmU7D1MFoEjfDVWyA4rm0ymXLjLUxrr1ysazO6yJP5VmBJLRaTa2X4RSy1DwcvTVFUWA/+RO5PUk4n4nHkkCOHKeZGk8KqYfDlLf1G/j9p4Tyqi8tkc7TZ6lMBWC6jBMt8ehb02JxtwLjayWdjq2JPf5/HFl8UyTrpNzCFiBuxu37fucUjxPIlbGxFgcUGH1uNqUkA5e+ojh040q5hm3CUOeVredHeP1UrFgrM5MQS1hPoB73SwwT5I5IYk16wEaZojUy+eTvaQRpBF+o+Szy/XFMSGOq4MG8Hpfa2Ln9ntcVMpTUsC6iGvJj8J+lp9MIPPKWneUIinGmQ0ns0n55Ad1V3zVyZmSniaEFQEmogLebVfUJ3MzYdxE4VeD8s1s1VWhRTVUa8zAUDdmsYW4/6k4vTmplo0Hqlrj3RuCwEjbuQJPxwE9mNULla9YEGtUrrSL7EAgMTtYwzR6x2wN14qbKjRGwRau/BvZhw7KKDmWOZqjeTCjv5QYj4k4MNw/hRUqcll46fdqDt0OnHDiY0AuQIW7CDt1Ig7R0kWHTAjOtVhawpgIBJIAQH5TeO+59cKboP6lGtpUbgUG5t5EyvhVMxkF81Many7F509SsN9IkdMVXVzimNKMCehMz2iAP54vE1lpNSqT5QWJP/AKfhszT6QAfiBiufZtxSllc0HruaadD5rfGLkYOz2xkoUYHfW28IuK04Hytn86FWlkwqrI8WqulRJJMkgFjPoxFhh14tyFRymQfxa5dkDO9U2UEwNKr2JAAG5PyAYuI+1bh6WV6tY9kQoPmXi3rBxUPOfOlfiFVRUAp0Fby0VJgdyTuzRaenQDGymn1iViOtr9IHp1rBAsKa+UqVLKEKlJamaKgtUY/4eq4Ckg6Rc3Uaj9BiZm8lna9Uh6qUxqCgrSDliRPvVoIAG5LDCNw7jalh4qvKxpembgLsCsiYFpDAxvOLH4dzzl+tQqI2anW/oy/Q4EvBuhVkk9AT6VsHAM6O8vcr1fefMMUnyhqSITHWNMgf32wt+0zIeWoSNNfLqlWlWQ6TDOFAkXBnVbuJHXDJlOdaDRoapVPQKmgfV4gfAHAXnpK1dQ7QqiDoXuBYsTdmAJ7ASYAkyXDYFwupDn0jnbypV7HNoBvJ8Y66Ck/L+0niKqFLUWge86AsfjtfHuBvjJ+KmGPViz3+mMxYODw2qPnjWnbqqFxHPnVqm4OOX+1VqCHses7HAnM1pwUo8PVYXRrcxMybm8AAxA9Zn0wk9tD8vc5U4xgDiTupFxfhAqbk8w1KfArvTncI5APyBj9MDeOZ6pU/xKrv2DMSAfQbDDJQ4HTop4ubRaaxKpdajRtA3VQTdj9DhS4fkzXq2mJNzc/P1xonFB8fQ3CjrAB691eOM9iogrCgOBkdJgeXrIDByXyxWzALJTLKLEmFHwliB8t8WfnzQFVnd0XW6mvSqA+IEphCuXRIgoxF2mCNPTArhWSWtlaeTSslOqrMUDEhamoLJkA/eLBjuDjnzAR4iIWYmjTWkzuCpcrJmG834oE3gDDQRvENzATOl4tBkyDJAIgWPGIqat+xd4xHnNrZc5mhzcQcUnp6tNImdFiBvYCLbwYjCHx/ipqOQD1+UWj9BvgvzJxAAaRhLZySTjMfiA0jcTmqiYNiT2iv6r2tUmw2H6+uDPLNRUq02cSuoahEiJG/pgMlOQT2OC/DMzSCaWIBncrPTof76Yl4JQS5vE/DanXhKSIp+fOZOAfKzEHV5CWLSewjt2wGzfDss+qrLLUIDaFEA2XcbXubEdB3wJzfHKcKKY1Ra+0ST87nt1PwwKzPFarGxgWsNsPPKQBKDJpVlteogUZ+wMtxIKxO40zJHUn1JxA4rWcgK7koDIBJjbeNp/XHGlnqg6SYgWnGlbOltUpcgj0uIn5f0woe0neIPfTQFX3yBSTI8Npu589UeI5O/mEqv+6kfMnDTw7Mmv5o+7HX8x7D0xX3LKfbEoLUkhABAYBSBG5F4gdI6X64aucec8vw6l4SFHr6fJTEQv8AE8e6vYbn6kKrQtbkfuPzw9K9SoRyFTeNPSJZXZSfxjrBuB6E2Pw+eK+5p5V8T/CZXqEGQsST5YIid5uu8uItiHwbmLWWLMdbTqJM6pmd7Xv/ANsPfLedFQEsqatQlh5QSQIHUExaT/DtIxTDS8IN5JkeR/jTuqKXy6/uqG6rTp6dfGvniqpRj0IMXH8jhg4DzE1J/GSotJ6YuvRltYDqCfw+nzwz+0Tl/W4rU/vC8LqgyxE+8Iu3SZJOkTecV9xDlrN01LvlqyoLkshEC9yIkC25wR9Y3Qsa6fIPl3VTaWlwU+cw86fbaaJSQKVOoyesG+0QNo9cLnLvMj5SpVptqNOoVLablXXzI6g2JE3FtQthWyedamZETtfHYV9dTUdz+/TCTKkrUGyM7Ucpi4q9eF86ZKuo8StTpsOpYAHvZoYD0YD4mJxMGfyZMrmKdTTdR4msCNvKskwdp2IHbFQcINNveIA7HphhyqoGUIUtuF0W9d5O3rvhv/CkTJWY6e9TntoFuQE35zHlTFxkJVBRJv7xAiRMgWsLgEgbws7ACseaOF+CbmTY/I4tTJMiqXs0AkCLH4H6f1xWPNFcuzs06mMn0B2gdtMYcYSEoU2kW9/XrSeCfdde3lq7vlh08aW3frjk73nGJtjVhhN1ZUneGt6ugUSyeZCkGMNFDjNHwwAvmHrhJBt88MHCuDppWpmH0K0mnTSNdQAxMmQiSCNRDEwYU74KvaAaEryoJwH5pQSkEmaa+B55QdQIGGHj3MOugUXeLnCrw/PIgijl6VPrLDxW/wBcj/hAw/8AIWV+2rW+0qjU9IVRpVYZpiCACCAOnfCKtuYZx1IDajzt96Yf/CGKZZViVOJAt9NyTcCMo9aqU/3tj3HXimXRarASVMMpO5VgGWfXSRPrOMx0AUCJFS4OtKj4L1azLRRld1bVplWYWAsLHpjMZiAvOqMSK7cYoKMsz31a1kkkk2O8m/zwR5EpiGaLwL/MYzGYJgv99/7aVxv/AAyvnCjq3qGbxGJfGc27+Z2LMEAkmTF+u+MxmLMCJ4VEJ+tKdDFVfxqoS5k4HLjMZjmMYSX1TXUN/pFTFQdun9cbimJ2xmMxRwyQWxNDJvXfwx2x0FMdse4zFRKRwoZNSMvmGCxP6DArN1CSZOPMZhbFE7tasgbxorwrmHNUqBSnWZBJ2iRYCxiRbscDWqFiWJJJGokmST3JxmMxPb9hRRkepqXlKh8l/wASfvi6OJ1mo5ZTSOkqKaA7nSRMSZJjpO3SMZjMOKupsHKf9NKP2noK65eoVy4KkgtUKEjfT4WqJ3F+ov02wn840hSrotOUCU6emCQRKITBmdyTv1xmMxH2yAECP+b2VVv8H3cg/wDpH/7JpE5opgVUIAGumrtAiWO5gWE+mA9HGYzAx+3qPahKss9T71PoscMPAb1VHc3/AFxmMx0yalvn6TV68N4Dl9I+76fmf/7Yp/2m5CnRzDJTXSsC0k7z1JJx7jMR8A84pxQUonvNbFhpsgoSBM5ACq674zpjzGYz9vjTetbDY4buJL9/HQJRUeg8NbYzGYnbR/3Sar7F/wCJPQ10yW5xdvs+ULw4MBDHWxPc3E/QAfLGYzEvC/709PcVf28Y2en/ALx6Kqkc7un/ALVL/lJjMZjMfQG/0jpXzdR+o1//2Q==', 123, 500000, 1000000, '123', NULL),
(12, '123', '123', 123, 123, 123, '123', NULL),
(13, '123', '123', 123, 123, 123, '123', NULL),
(14, 'cái gì đây??', 'data:image/jpeg;base64,/9j/4AAQSkZJRgABAQAAAQABAAD/2wCEAAkGBxETEhUSExIWFRUXGBcZFRYYGB0XGBkYFRMYGBgYGRgZHSggGholGxYXITEiJSorLi4vGyAzODMsNygtLysBCgoKDg0OGxAQGysmICUtLy0tLS8uLS0tLy0tKy0tLS0tLS8tLS0tLS0tLS0vLy0tLS0vLy0tLS0tLS0tLS0tLf/AABEIATYAogMBIgACEQEDEQH/xAAcAAEAAgMBAQEAAAAAAAAAAAAABgcDBAUCAQj/xABJEAABAwIDBAYGBwYDBwUBAAABAgMRACEEEjEFBkFRBxMiYXGBMnKRobGyFDM0QlJzwSNis9Hw8SSCohVDg5KTwsMXU1TS4Rb/xAAbAQACAwEBAQAAAAAAAAAAAAAABQMEBgIBB//EAD0RAAEDAQQGCAMHAwUBAAAAAAEAAhEDBCExQQUSUWFxgRMiMzSRobHwMrLBFEJSgtHh8RUjclNikqLSBv/aAAwDAQACEQMRAD8AvGlKUISlKUISlKUISlKUISlKUISlKUISlKUISlKUISlKUISlKUISlKUISlKUISlKUISlQra+/QSSllsKAtnWqAT3JFz7RUbxG/8AiDo4hNj6CQTpb0ptQTGK9Y0vMMEndf6K2aVTKt9HT6WJcPqkJ+AFYXN7zxddP+c//aozWpj7w8Vbbo+1uwpP/wCJ/RXZSqTTvUn8bivMfqqtjDb0s5hn6zLxjLPvVXnT0vxBd/0u2/6TvBXJSqf/AP61kE2XE2uJjhx1rMzvm3yd7tP0UaOnp/iCP6XbP9J3grapVXo3zaBu84mAeEiQJAkKOptpasrW/TfDEHzE++K96Wn+IeKjNgtQE9E//ifUBWXSoIxvreOtaV4wD7jXb2XvKh1aWymFKFiDIm9uegnjrUgM4Kq4Fph1x33eqkFKUoXiUpShCUpShCUpShCV4XEGdONe6hnSTthTLAaQSlT2ZObkkZQoDvIV7J4xXL3Bokqaz0HV6raTcT5Zk8hJ5Koce8kOEJUcgUqFFXaABVcqjlFMWyUpCpN/u8rce/T215OGSm9zB7ufLjUqRugpbuV1+UF5ttogAhYcb6wrAzCwQUc/SA4Up1XOO9fRRVo0GBrTDQDdGQjIDeJ/mIXX1LZNSXdvd5OKafUFALbydUDELUrN2ZOiiEQO812nN1MOlZ6wuqR1iGW0pU22oH6Ol1ZUpYCONhYki9cim4iRgvalupMqGmfiGWeX64zFxvuUPwmDkgc66AwA4J9pk+7xrrDdlkO4RBS4OtffbdBIJSG1gASm0wbkWrEnZeE+inFSqAC2W80k4nUEHL6BRKyP3SJroNgYe4B+oULrQ156pOMYZlzmjPa047tq1MPsfOQEi95F5sJzaQBwrEvZ4qZP7GYS8zh0AJGcIKkut9aUrRmOdCUBeuhWTHDWo3vDsNOHYSsLUoLeIbUIyraLSFoUBE5iVEEcwbca7c2Bhhiq9G0io5o1o1gC2RtnME7MMR5rkObP74Gn96wO7I5GefD+vOpZtvdplrC9akvJUhLKlEltST1iUyAEdpEFX3xBiBMivWI3YhzCsFwJzoUlxaQQQ6klxxKoUJgLSM0iwHKuTTMxCkbbqcawfdfkcgHHwBHjGNyr91paTBn212N0McU4thJWpKC4iTJFlKAuTYC9xymtjenYq8OhBWo5itxOUkmOryjNJNwQsEHlXAS2Im/965ALXSMVZqPp2mgQ69pkbdokcMuC/TtKivR/t1WLwoLnptnq1n8UJBC/Eg37walVOGuDgCF84rUnUqjqbsQYSlKV6o0pSlCEpSlCEqs+mFXawv8Axf8Ax1ZlVh0yenhf+L/2VDaOzPL1CZ6G76z83yOUBdNvb8a62H3kdDuFzwU4WyYElQ7MySYJhIHCwHjXJf0BmSbm0XJNgOVeMO2kuAKVlBgExMTxIFyBxi8c9CtkjBbXo2VG9YTj5iDG+CRzXf2LhnRh1lDyW+tUpSRCsylYRHWlQUB2DlWSJ1PKxqR4rZ+OS84fpaSVqClhbIIGTrE9YGyFAEJZKgRdWnColifpOFz4dS1hC4MJUotuhUQoEEBSVJESNYvpA0XNrYiZ65305HbVrmKpsbHMpSp5knjQHRdf4qF9B9Zxc0tg7g6QdXcfwjbJEzAAE1weDxwCy3jLLK3ElbbYUpS22jKVZlBtSy+EylUWnjbRTutiOqUz137H6Wlsp6uBmMNddOuriRkm9+VRt3aby5zPOLzelK1GZCQQZN7JSP8AKOQr0doPyHevczSRmzqkAKCzxmCpWbXW+tGtI/deto1WmQWg3H4BiOQ3wSLscCAJBsnbOIedhzE5S2FOJUlhtRllsqkwEn0UmxJm1YzsbEKYwrTroQw4p1SJTHVnKVpgmJKxcJmJPOuIcc4tSnFuLUspIKlKlRSUkEEkzBkiORIrCxtXEJVmS6sEkXzKk5AUJ8YQSkDkY0r3WnH1R9ncDNLVbEZDEA4GBmZkg5iAHOU3aViCG0B3D5s6kqzYdQUoYJKVlLhy5lJGVoRYnTgRXJTvNikOKStwPFDqlJKsxhSQtBy3BCSFnsnSBpFR5W1sQhZUHSFAuGTe7sBw3BkqAEk6xXhnEEqKlXJJJtxJkkAWF+VAf7n9159jEHWDSIuuAxnYBlAxy4Lb3l2o46w0hcEM5gk8SkkQk+SQB3VxGdD4Ctvap7PnWm0bHwFefeUzWhtKAIvJ8TJ81bnQ79md/MH8NNWDVf8AQ59md/MH8NNWBTOh2YWF0l3upxSlKVKqKUpShCUpShCVWPTCP2mF/wCJ8UVZ1Vn0ufXYPxX8UVDaOzPL1CZ6G76zg75HKvnogeB+J7v691a5V2j4Cs+KOnh+prb3a2cnE4xthailKpCiNYCSYE8TljzpZEkALbhzWU3PdgASeAxUp3TUjH4ZeAeP7RsFeHcNykWBE8QCRbiDaMoIhGPw62nFtLSQpKoKeRTPtF5B5Gp1hMNgcPis7D7jTjCz1jT+XtJSYcyLTacpMAyTas3S7sgAt4tI1PVud5AJQfcRPcmpXMmnOY8x+2CXULUGWzUE6lQSJBEPxMZEOEG6RrHbKr5FekEXmdDlA0k2k3/qK+Ni0+3Tyi96knR9s1rEYpTbyAtBbWY0ggpggi4InUVE0EkAJlXqtpU3VHYNE3YqPoOtYG9R4j41Nt5txHmMzjEut8gO2kd6QO0O9PsGtR3dvBMPOKbdd6kkDqlKunrAoQFcgRN7X9h9cxwOqff0UdG10qlI1aZloxjEcRj5YAkTnzsQkKWpPZTdRzEwbTa5j3VhwytK3N4dmvYd5TbqCCCSDwIKjBB4gx7jxBrYx+wywlC1KzSRbLlkEG6VSZFjqAdLXrmDJ3KcVGarbx1hdvuyXM2krs+dazZsfCs+PVI1tw9vlzNayTY+H617muCOqrh6Hfszv5if4SasCoD0RNFOGdkauJI4ggtIv8an1NKHZhYLSXeqnFKUpUqopSlKEJSlKEJVZ9Lf12D9ZfxRVmVWXS79dg/FfxRUNo7M8vUJnofvjODvkcq8xuo8P1rxgsWtp1LqTCkKBB7wqRPdas+1GSlSQq0tggeumU/GtAG58KVFbujBYrO3p2OnaGHRtDC3Xl/aIGqgkdod60gR+8mI4TId6Sw/s8rWuWiWlFaNQC8lKlCx7YBVaNbVAejvbb7DqwlJcYgreAuUgZQXQOYkSBqPARMd7NhuO4Z1WCIUl8BbjQuFGUrDjV4CzlAINlDvAm406zHOaLyL/wBRu2jas1XpGhaKVGo+GtcCxxyBIlrjkQB1SboxuvbXe2thLwyhcONKu06LpWnuPAxqn4i9dvox2elWMzqUQUNlxISoiZUkXjUDNcd4nlXM3f211STh8QkuYdZOdBuptU5c7ea4WNf5Gt5oL2bi2n0HrcO5ORadFtqPaSdAHBYxa4HfUDYBDsgbxs/b3sTW0dM+k+h98tIaYjWu/wCrtowgkjqzE32fveEuFnGJSy5mKZEhFlWnMZAOoVdJF5Ffd5dy8Ni/2iAG3dQtIlK+PaA1n8Qv46V83l3eZ2iyHmVJDmWUL+6pN+yo8Lz3gz4VBNibw4zZrv0d1ClIBgtK4SfSQbwPCUn31ac/V6tQS3I+/p55JLNZ+l/vWJ2pVHxMy3xOW51wNx1bp7X0ZxShs3aCDlUVfRMQO1lUSISFnVGgym4lI5ZYVvBh8Qw6rD4g6GZAAC+AWSBK5BNze50M1eOytqsYpGdshWU3SfSQoE6jgZBg6WsahvTFgmyyy9YOBfVjmUKBUR3gED/mPOo61ABmuDP6bN+5WNHaTcbUKD2autiNjsdYDIEfEM7nSqpxZt51jSbHw/WvWJI4f1zrFwPh+tVRitG7BXL0QmcO9+Yn+Emp/UA6Ifs735if4San9NaHwBfP9Jd6fxSlKVKqKUpShCUpShCVWPS+Jdwg9f5m6s6qw6XD+3wn+f5k1DaOzPL1TTQ3fG8HfI5V9tVXaTcnsp1MnTnyrSGp8K3dp+mPVHy1t7n7PGIxrTJ9EkKUOaUAqIPike+lUSYC3LHtp0dd2AEngBJ8laPRpsL6PhutUIceCVX1SgDsDzkq8wOFcxW+DGExzmHSCcNPai4adntlA4IvdHMEp5Hvb+bwDCYc5T+1clLfdbtKHqyI7yO+qUVF4vexOvH+c1crP6PVYzEZ+9uaz2jrKbaatotA6r7gOGf5cG88rlce8u6eHxyQ+ypKXCJDifQcHDPHzC/jEVCdnuLwi14HHtn6O4SZ16tX3XmzpA4x7NQdfdLet7Bqyntsk9psn0TxKDwPdp8atFl3B7RZ0S6jik2Wgn3oVrca8CRQNWqZbc7ZtXD3VrAOirS+jk4XObsg5EZA8iLwoHgNpvbKfLSyHMOqFJg2UhXouNkmAYFxoTadFVOn8Lg9osg9l1NwlQstCuInVJ0lJsbWNcvaO5pXhV4YOZgmV4ZSrLbMfVkixQedonQwKq/ZO1MTgnjkKkKCoWlQJSrKqCFDjF+8cxXmuaXVeJacl2LPT0gDWoPis3EiRrbCRkTgdhBEEapVi7N3Ifw2MS+ziE9VPbSoEEoKiSiACFdxtcC1RrpW2M406l7OtbS5yhSs3VquVIBUbJOoHiOAqe7tb2s4rMj0XkZszeuYJPpIP3hbTUe8wjpM3raxCU4VoElLmZZUCmClKgAAeN1TIGgr2q2iKXVOcj6/uuNH1Le63N6VuA1XGI6pkgkjfhtyGKr5UcdKxKi8aRx8a9O14Gh8P1qoFp3K5uiH7O9+Yj+Cmp/UB6IVThneedMnmS2kyfaB5VPqa0OzC+eaR70/ilKUqVUkpSlCEpSlCEqsOlv6/Cf5vmFWfVYdLX2jCf5vmFQ2jszy9Qmeh++N4O+Ryr7afpDwHy1IOi10DaKEnihwDxCSfgDUf2l6Q8B8K6u4DTh2gzktlUCo8AhIlXtE+ZFLGfGOK2VdodY6gJjqG/8AKtrpF2iXsa4J7LRDY7ssz5lWf2DlUbQSARz1ty7+FWLvRsrZnXkuOvMreHWIdAS4yetJIIygqInNy11iKi22d2HWEB1KkvsH0XWjnSL6Ki4PjbhM13Ua7WJPv2FHYrTR6KnTEi4ASCJ4HAndMzkuQ1wtWbZmPdYczsuFC+7lyINiO42rG1Up6McE07il9YhKihslCVCQSFpGaDabmPGeFcsaXOACntNZtKi+o8SALxt3KTbvdIrS4Rik9UrQOAHqz46lPvHeKku0Ni4PFpClNockApcSe1HDK4m5HnFVtit6gvrBicDhyEqCCkNlt0A5pAWCSkpyxpryqSqwzv0PD/7PccbKc7iGXVJDi21GSMpBCwFEEE8Fa3vbp1tYEHrDz88cVmrZYG0qjX0/7RJidaWi4m4i8YbIgkg3FZWOjxpvEIxDb7icqgqCEkntSRmEWOmhtXF6XNhNpSjFoAClKDax+IwpSVeMJUDztyrF/wCpuKaJQ9h0kpJBsW1SDoQTrpwFRnerfB3HBCVJDbYMhIn0jbMSdTEgeJqN9Sj0ZDcSrtksmkvtbKtYgtaImRe03xdecsc4MqOu9/f/AFYVjTEHwrLikRbvP9RWNBgE3BixHOfhE1WGKfPwVx9Dv2Z78xP8JFWBVfdDf2Z78xP8JNWDTWh2YXz/AEn3upxSlKVKqKUpShCUpShCVWPSx9own+b5hVnVWXSv9owngr5k1DaOz8PUJnofvbeD/kcq9x+o8E/Cu90bYgN7QbnRaSnzWkke9IHnXDxQ9HwFecM6pt0OJMKSoEHkQQQfaBSwHVIOxbV9LpaDqX4mkeN3ljyU+2jgEuLd2Y8QlQUpzAOKFoWSeqJ5G4B5g8gDGcDtHEbPdUgHueaWk5SfvJKSO0INje1wYN5/vHs1O0sI3imfrUpzpg3Nu21I4hQMd44TNRBvbeHxaAzj0lLqBlbxSUyqB6IdBuoTN9fAkqM1Ruq67kdo2e7oxSux1jVpHWbrXxUZiQ78QGJDsSB1g6S2TKbc2UypoY3C2ZUYcaOrLirxb7pJHtEaiODsPaq8LiUPJvlV2k6SDYg+I9hg8KmWydnN4RnFFWMYdacYUlCULlSl/wC7OWLK14mJ7qr9yyjUb7oOBV6yEVGvpk6zcJMyQRgZiSMCc84dMXWNj4DGhOLDKXCoAzKkglJkBYSYJBsZB86rLfHFYwYwLdQWSiOpSkkJShB7PVqTEjjbjy0HrdfeN/BrKgCppUFaDYesCdDHEa6HhFqYTFYPaLOiXU8UqHbQSNDF0K1uD4E1Y6tdsCA7HjvSciroqrrVAX0sGkm9o2CbgdtwB2i8KvNn4xnaiPo2JhGLAIZfAjrIE9W5zPH4QbKhW0MA4y6plxJC0qgg+4+BEEHvq5cH0f4VvEJfSpzsKC0pJBAUFZheJiQLVyel3ZaC03iQIWlYQf3gUqUAfAg/8xrmpQfqFzsR5hWLFpSgLS2hRnUdkRGq6/DcdmAN4iSFVOJFqxgCD6vvm9bWPahCTIMkyOIiNRyvY1rDTy/Wq8Xp2TLVb3Q19md/MT/DTVh1XfQx9me/MH8MVYlNKHZhYDSfe6nH6BKUpUqopSlKEJSlKEJVY9LH2jCeC/imrOqrul0w/hD3L+YVDaOz8PUJnoYTbG8HfI5QZ9Pozaw+NYlpGY3mw/q9ZndB4V57Mm0nxtpa3caWFbambve1TToz2/1SzhnDCHD+zPAOGBF+Crecc63+kTdDNOKYTKhJdQPvc1gcT+IcddZqvkgRa/uq1Nw97BiEBl1X7dI4/wC8SBr3q5jz5xYpFrx0buR9+8km0hSq2ar9toD/ADGRG0/U5EB21Vc0kBMzckhMEGY1kajUEa1IujPCtrxqi4ASlClNgie0laAD4gFUe3hUm3v3IC5ewqQlYkqb0C+9PJXdoe7jXOz8a7hcSl0JKVoVdJBB1gpINxIJniJrgtNJ41h+6tsrs0hZqgouvIIvN7SRnnfhOEbwQpRtXe3aDL7rbuRSUqI6tTQKCmbRYKKSLi+leNmbSwWIVmROz8VoFtmGFGU2ULAA8rDmTpU5DWC2mwFwFSMpIMONnXKSNNdLg63qtt+t0foSkLbKlMqkZiBmSsXgkAAyBI8DUlVj2jWnWb75jiqVhrWasegDeiq4GBF4F4I+F3+Lwdkzeu/tLfPaWBWG8Uwhy1nEgjOBxBTY+GWROlRjeLex/HZUrSlDYMhKZ9KIzEnUwSOGtdTdbbzb6Rs7G9tpQAacPpIV6KQCdAJgHvj0TA4W1diOYTEKZXeIKFAQCkmxA93dBHConOeRiSPr7w9BgrlmoWenVIdTaKgEgjBww1mibthGIOBIMjl7SnLx1tWogWPh+tb21U9nzrSRoR3XrjNMZ6itnoXP+Ge/MHyCrFquehb7O9+YPkFWNTOh2YWD0p3upx+gSlKVKqCUpShCUpShCVVnTF9dhh+6v41adVV0x/X4f1FfNUFp7M8k10J31vB3ylQtw9kVh1Uayq0ryySVZUi8X7+Jn2e6lxxW0ZcCvTY7prY2NgH3now5h1ILgg5T2CPRP4r2rXGms/1eujurtoYTFB1SCoQUlIIBgi5E2JEaWnnQACQDgioagpuNMS6DA2nZljxVjbpb4h7/AA+JHVYkHLChlCzyE+ivmn2ch094t1sPixK05XAOy4kDN3ZvxJ7j5EVXnSTtBh9xh5hQUC2QSn0pBPZWNQROhrZ3W6QXGoaxOZxGgc1cA75PaHv+FWxWF9OpeNvv1Wcfo2rqttdkBY7NmYOYE/KeAnBfDuztHArK2FFVrLbkyBoFIMnyII76+K3/AA+0pjF4ZK0mxUg5SCOICpAUDeZHhVm4DabL6M7LiVp4wbi2ihqk9xg14x+xcM9d1htZ/EpIzf8ANr7676AgTTdd4hV/6qx7otlKXCLxLXCPA8pAGxUA41LuVvMqVAIEXMqgCBPdYTerV6Rdnzh2XVfWIKULPMKSSfHtJ95qS4Dd7CMqztMISrgqJUPAqkjyqPdJW0EhtLAPbUoLI5IAUBPKVG3qmuOh6Om6TjHqrLtJ/bLXRFJpAbMzjBF+FwuHMqq9sI7HmfgJ+I9tabqiYJXn7IAOpAvY+FdHaqyWsnDNm8yAP0A5VyWIjutVXNaBt9NWt0LfZ3/zE/IKseq46Fvs7/5if4Yqx6Y0OzCxGle+VOP0SlKVMl6UpShCUpShCVVPTJ9fh/UV8xq1qqnpj+vw/qK+JqC09meSbaE763g75SoUodmeFr1ga9I1lc08hWLDJJWQASYm3If3pccVtafwlbCDaKkHR3hGncWptxCVpLawQq4NwbT97jIuKjiTUs6LEtHGKzgFQbUWp4EKTMd8FXlNe0xL2jeq1ucW2aqb/hOGK2d5+jtxqXcLLiNS3qseH4x/q8aimxMKyt7qsQstBWZIVHor4FYP3ZsdPEaiwcNvk9hXjhtoJsCcj6UxmTm7KikWKYkym4iIJmuttndvB49AdQUhSh2XWzMxwWARm5cCNJFTmix99PHNp9z580rZpKvZ2hlrnVI6tRt/A4Qbr8Acy03quMTs3E4J2CopJEtutqISsc0qHlPlzE7+C6Qcc32SUO+ui8cLpKZ85rsYPC4jD/4PHI63CuKAbcTJ6tarApURCBf0TGpiRMxXenYLmDeCD2kKJLS4iRIme+4BHeOdRnWaJaSNu5XabqNpfqVg15iWm4hwH4TkR95s3bYw7O0OkXGkFKUtNn8YQSfLMoj3VHBiFKJWtRUpRlRJzEmdSTy+HdWtiwM9uffrx17713hg/o2ES6sQ7iCUtgiYZCRmV4qJSPVP7xrwlznGTgpm0qFBgFNoBdAuF5z8BErgbWPYPjHP/wDK5behrd2grsedaLfomuM1YAhnNWv0K/Z3/XT8lWRVb9C31D/rp+SrIplZ+zCw2le+VOP0SlKVMl6UpShCUpShCVVPTH9fh/UV8TVrVVXS+P8AEYb1FfNUFp7Pw9U20J3xvB3ylQZ0/pWNpYumLzOae4Wjyr64axMekaWuN629MdVbKDXnC41bLqHkGFIMpPeDoeYIkEcia+Ird2BsJ3GvBpBCYBKirQAEAqgamSABXl5iMUPcxjXOqRqgXzhGcq1Wzhdr4QFVlDWD22lkXg8UmPAjkRaCPs7Q2Q7KSS0TY9pTaxyImyoGlovBIvW7gd2MXhCMVgH0YhKSQpKCe0EntJygkLFtAZ5XvUz3f3jw20GiggZyIcZXx5lIPpJnjwtMWq4B0hGtc7I7ff8AG7NF5sYcaX92hMOacWHYZEjmI2wYK+7qb4MYwZfq3QO02TrESUH7w9hHLjXjpHbbVglFZAIUktHjnzRA8UlQ8JPCtDFdHLIcDmGeWwQoKiAsAjTKSQU87k146St3krb+lIELQUhyPvoJFzzKbX5TyESONToyHD+PfBU6TLF9tpOoPIBMwRgQbgScnYTfGci9Qzd7ZP0nGIaPoyVOeqm59thPeK7PSs4RiGWwISGhlAsBK1ggeSRXR6LcPLmIdI0yoSe5RUpQ/wBKawdLezFktYlIJSB1a/3YJUme4lRE84HEVCWEUi4bfIFNDaQ7SbKTvutgf5OaD4kQOO9Vtildk+NayT2TXt42jvrGk9k/zmqwKeuFytjoW+of/MT8lWRVb9C32d/8xPyVZFM6HZhYLSvfKnH6JSlKmS9KUpQhKUpQhKq3paH+Kw3qK+arSqrelc/4vDdzaj/qNQWj4OY9U10N3of4v+UqvlmsTJ7RrI4IkHhWNk9o/wBcqWFbtmBWZBqVdGW00s4zKsgB5JQk/v5klPtgjxIqMJClCeAMSYHM6nzrUXOtxHH4X8q9a4tIcMlFWoNr030nYOEK0tpYnEbIcUUNh3BuKKkgnL1azqgKAMcIkEEDnM15ice4p9eKSC2orK5TIykrKrHz86tHcreZvHsnD4gJLoTC0q0dSB6V/vDiPMd3F3o6PHEgqwfaQSSWz6Y7knRSRwBv4m9TvYXNDmXt2bElsdqp2es6lagG1TALvuvGROUnaRfmcl2tzt9vpKeqcCRiQOzJyIcgc4ML5iI4jkObvVvvKHMKlhaHCci+sIsJE5QkmSRxtrN6r1KHGllJSpC0kGCClQIIIMGCCKsDePZqsXgGccUw8hILlo6xAMZo8gsfuk90Daz3sLQcB4j34+vtXR1ls9pZULeq50C+4OxbGRaY5H/aQF0OitYjEjiFoPkQoD4GsXSjvMplH0RqynE/tFfhQrMAkd6oMngB3yNPoqxEYnEo/EhKv+RUf+Sodv1iCvH4gngsp/6ZKB8tdPqkUQBthR0rE2rpRzniQGtcN5gAeYPgo84a9rclAHLuveLTxA4eNYl0B7J8aqtWhqBW30K/Z3/zE/JVkVW/Qr9nf/MT8lWRTSz9mFgNK98qcfolKUqZL0pSlCEpSlCEqrOlT7bhvyz8yqtOqs6VPtuH/KPzLqC0fBzHqmmhu9flf8pVdTXb3N3e+mPKTnyIQMyzEkAECBwk+6D4Hhipz0Pvj6S82YhaD7UlFvYT7KXU2hzwDgtlbqr6Vlqvp4gXeIXp/cxp9ov7OfU6EkpKF+kSm5hUC9wYIGuvCo9u5u07jMQWM3VZAS4SDICVJERbtSYiRoeVdrA7Ze2S+8xHWNZ1HIbE27KwR6JUMs2NuFq2Nzd5kr2o44pAbTiRlCQZSF9nLJgSolJGlyquwKZLQbr7wqbqlspUqpYQ9obrMfdORgiBN0kGIuvmVjwm5yUuoVhNpMrdSoZZIQSUn7uUqB8NDVh4reBDAYGJ/ZKdEE6oSsZZSSJgdqytIBJIqv8AbXR/iw7kw4StkqJBKglSAo6KkySOYmY8q39vbytYbqsC4hOLQhsJxBJKj1hkHIo6FN78JAkEWmY40pu1fMT7m8Hlgl9ppNtrqeq/pcTdqteGxmRDRfEBzRJuDhJKsQpaeSDCHEm6TAWk94NxXM3ux7bOEeKyBnQptI5qWkpAA48zyANV27shYaVi9l4l1TZutsLUHmzyUlJGYD2wLZheou5j3XHM7q1OKEfWKJkToCTPsr19pMEEY5zI4riy6EY54e2pIacI1XA46pk3HfniF29ysaWtpNkmApRbUPzLD/Vlrl76MlOPxAM/WKV5KUVfrWg84pLgUkwQsEHkQZB9tSHpMQFYhvEgWxDLax4lER4gIHtqqTLSNh9bk/DdW1Nd+JhbzaQR5E8YUPeF9Z/tWOTl86+qrIqOrB+9mM+EJjzma5arVS4K2OhX7O/+Yn5Ksiq26FPs7/rp+SrJppZ+zC+f6V75U4/RKUpUyXpSlKEJSlKEJVV9Kf23D/l/9y6tSqs6VPtuH/KPzLqC0fBzCa6G71+V3ylVwgTat/draRw2JbfAnKZI4kHsqA7yCRXPbItOlfEKvIt+nKleELeFocHNcLiIPNXF0gbvjFMjFMALcQiRBkONwVCI1N5EagkXtVOKWZ1gpNu682q2ei7eXrEfRHD20SWyT6SOKeZKeH7vq1pdIe48lWKwyb6utAeZWkce8cNas1WdI3pWcwkGjrUbFWNitBw+Bxuuy8duRkHCB2txN8EYpsMvEJfAi+joA9ITqqNRx1HEDm7y9HIKi7hRrdTJVAPqKOngbd/CqxYJCpBKVSDIMEGbEEXka1Zm6/SKPqsWIgEh1IJsBPbGpOt0+zjXrKrXtDanI+/427/LVYbRZKhr2HA/Ez9BmMbhDhN2N0NwGIxmz3wsNLbVMFBSrKoFV03FwefgRUs373WCkjHMoKZCVPNxcBXaKo4a9oefOrIwmMbdTnbWlxP4kqCh7uNYNsYhpDLiniA2EKCp4giMt9SZgDjNTCzANN8g3jcltTTdR1oY9tOHi5wH3gY6sRllJN/gfz6+E51TJibjQ8tRz1NSPaCOv2Qy7ecM8ps9yHAF5rnQEgCoq/6R5yZ/vUz3EaL2D2jhzJlAWkfvIClD2kJ9lUmXuI2g/r9FqLZFOm2ofuOaeROofJxUBPf/AFwr0y1nISNTz0m5+FeV/wA68cLif7Vw1WqoVvdCn2d/10/JVk1WvQn9nf8AXT8lWVTWz9mF8/0t3ypx+iUpSpkuSlKUISlKUISqv6UXIxbKY9JrXwUs/wAqtCqr6VPtuH/KPzLqG0fBzCaaHE2n8rvlKrfhXhusnxryixMd1/1vSkhb9ua2MNiFtrS4hRC0EEKGoIq8tz95W8ayFCEupADqORgXH7pm3sqiFGs2ydpO4d1LrKiFDjwI4gjiDyqajWNJ25L9J6NbbaUYOGB+h3HnBv3G2d8Nwm38z2Hht7Up0Qs8T+6o89Dx1JqqNpYNxlRQ6hSFDUFMHx7x3ixq6t0d7mMYgCQh4DtNk3MalH4k+8ceZ7G09ls4hGR5tK08JFx3pULpPeDVp9nZVGvTP6LP2XS9osLugtLSQPEcDg4bN2BAX57ZxCm1Zm3FAxqFFKtBIkH9ay4vab70da845BtnWox4SbVYu1+i1Jvh31J1hLlwJ1AUkSB5T31HMT0d7RScqW0rH4kuJj/UQfdVR1B7TePfJaClpSx1YcKgnfcfOPK7Yoo6q5BFp4d1rXg1ZfQ5gjkxDhHZUpKE94CSpXuUmuZszo0xTpHXqS0gG6ZC1d8Adm/OfI1YeI6rAYJWQZUMoOUE3UrhJ4qUsjzNT0KRa7pHXAXpXpjSFGrR+y0SHOcQLrxiDjgSTGE57p/PDouRMwVfGsajXtWp8T8a8GqbcFpKuJVvdCf2d/10/JVlVWnQn9RiPXR8hqy6bUOzC+eaW75U4/RKUpUyXpSlKEJSlKEJVZ9KeCX1+HdjsQpE/vDMoA+IJ9hqzK1Mdgm3kFtxIUk6jwuCCLgg3BGlcvYHiCrFltLrPVFRu8ciIK/N6jebybkkzJ418ZRJjnHCfOONSzezYCcLiChSCW1AlteUSe43gkGxMacLg1xE7LB9Bweqrsn2Xpc+y1GmRfwWys2nbHUEOdqH/cLvESPGDuXOnu/v3g6+FeY/r+vCuh/sh7lI5pOb2AVrvYF1Orahz7JFx46VXLXDEJtStFGp2b2ng4H0KNrghSSQQQQZgpI0gzOvGp7sHpIdbSlOJT1onLmEBwAAGdYVrF8p5mq9R6pHkayBQEykkkEDum0xxrplQtMtK4tNhp2hurVZI8+Ry9yr22bvfgXgCnEIT3OHqzPLtWPlNdxt1KhIII5gzX5pV/VjRKVT9731YFuOYHvxSSp/8vTJlj3Abxrf+V+h9pbdwrAl55CD+EmVeSB2j5Cqi373yVjCGmwUspNp1WYIk8rG3LWuE1gHV9nKcuvolUmLXAn9KN7BfOqQnvVb/STXlSrVqiALty7smj7DYX9JUqAuGBcQI4DbzMbFxzXkCdL1IE7ASIK3Z7kCZ1HHvHCpbuNuw2+sqLZDSNVH0lq/DI0ETOWOHOvGWWocbl3atPWRg/ty87rh4n6By7nRDs5bWFWtcjOvszySmJ8Jn2VP6xNNJSkJSAEgQALAAaACstMWNDWhoWNtFZ1eq6q7EmUpSldKFKUpQhKUpQhKUpQham0MA0+gtuoC0ngefMHUHvFQfavRsCSrDux+45ceS03jxB8asOlCFTmI3Tx7X+6UoDighfuHa91aKxiG7LC0eskp+Iq8aULwgHFUcnGL4qTyjUqnQgRYAayTrwrJ9LVxSn2VcrmDaV6TaD4pB/SsX+yMN/8AHa/6af5UIAAwVQDEL4JT7K+HEr5gVcA2Thv/AGGv+mn+VZmsK2n0UJHgkD4UIIBxVPtMYlz0UuK9VJPwFdLB7oYt0gqQUgXGcwlXcoJUFgeFWrShAEYKFbO3BaBzPrLh/AmUp8CSSojzFS9hlKEhCEhKRYJAgDwArNShepSlKEJSlKEJSlKEJSlKEJSlKEJSlKEJSlKEJSlKEJSlKEJSlKEJSlKEJSlKEJSlKEJSlKEL/9k=', 1, 50, 100, '123', NULL),
(15, '12345', 'https://pdp.edu.vn/wp-content/uploads/2021/06/hinh-anh-hoat-hinh-de-thuong-1.jpg', 10, 50, 123, '123', NULL),
(16, 'ngay ', 'https://images.unsplash.com/photo-1472214103451-9374bd1c798e?ixlib=rb-1.2.1&ixid=MnwxMjA3fDB8MHxzZWFyY2h8M3x8cGljfGVufDB8fDB8fA%3D%3D&w=1000&q=80', 1, 50000, 150000, 'hi', NULL),
(17, 'đây là nameee', 'https://encrypted-tbn0.gstatic.com/images?q=tbn:ANd9GcSbMZUssCb25YW6rL-kAkjfR7EgUkdCJoIFgw&usqp=CAU', 10, 50000, 99999, '   hmmmm', NULL),
(18, '12345', 'https://encrypted-tbn0.gstatic.com/images?q=tbn:ANd9GcQW1ERmKtrM2HBFtNg89TBamieT_YLiaLn-kQ&usqp=CAU', 123, 50000, 1000000, '12345', NULL),
(19, '12345', 'https://encrypted-tbn0.gstatic.com/images?q=tbn:ANd9GcQW1ERmKtrM2HBFtNg89TBamieT_YLiaLn-kQ&usqp=CAU', 123, 50000, 1000000, '12345', NULL),
(20, '12345', 'https://encrypted-tbn0.gstatic.com/images?q=tbn:ANd9GcQW1ERmKtrM2HBFtNg89TBamieT_YLiaLn-kQ&usqp=CAU', 123, 50000, 1000000, '12345', NULL),
(21, '12345', 'https://encrypted-tbn0.gstatic.com/images?q=tbn:ANd9GcQW1ERmKtrM2HBFtNg89TBamieT_YLiaLn-kQ&usqp=CAU', 123, 50000, 1000000, '12345', NULL),
(22, '12345', 'https://encrypted-tbn0.gstatic.com/images?q=tbn:ANd9GcQW1ERmKtrM2HBFtNg89TBamieT_YLiaLn-kQ&usqp=CAU', 123, 50000, 1000000, '12345', NULL),
(23, '12345', 'https://encrypted-tbn0.gstatic.com/images?q=tbn:ANd9GcQW1ERmKtrM2HBFtNg89TBamieT_YLiaLn-kQ&usqp=CAU', 123, 50000, 1000000, '12345', NULL),
(24, '12345', 'https://encrypted-tbn0.gstatic.com/images?q=tbn:ANd9GcQW1ERmKtrM2HBFtNg89TBamieT_YLiaLn-kQ&usqp=CAU', 123, 50000, 1000000, '12345', NULL),
(27, 'gamee', 'https://encrypted-tbn0.gstatic.com/images?q=tbn:ANd9GcQW1ERmKtrM2HBFtNg89TBamieT_YLiaLn-kQ&usqp=CAU', 123213456, 99999, 2147483647, ' 123454578', NULL);

-- --------------------------------------------------------

--
-- Cấu trúc bảng cho bảng `tag`
--

CREATE TABLE `tag` (
  `ID` int(11) NOT NULL,
  `Name` varchar(255) NOT NULL,
  `Product_ID` int(11) NOT NULL
) ENGINE=InnoDB DEFAULT CHARSET=utf8;

--
-- Đang đổ dữ liệu cho bảng `tag`
--

INSERT INTO `tag` (`ID`, `Name`, `Product_ID`) VALUES
(4, 'ADC', 4),
(5, 'CONVERTER', 4),
(6, 'ANALOG MODULE', 4),
(7, 'ANALOG TO DIGITAL', 4),
(8, 'EDGE GATEWAY', 5),
(9, 'INDUSTRIAL GATEWAY', 5),
(10, 'IOT GATEWAY', 5),
(11, 'GATEWAY', 6),
(12, 'IOT GATEWAY', 6),
(13, 'MQTT GATEWAY', 6),
(14, 'EDGE GATEWAY', 6),
(15, 'hello hello', 17),
(16, '12345', 18),
(17, '12345', 19),
(18, '12345', 20),
(19, '12345', 21),
(20, '12345', 22),
(21, '12345', 23),
(22, '12345', 24),
(25, '12345', 27);

-- --------------------------------------------------------

--
-- Cấu trúc bảng cho bảng `transaction`
--

CREATE TABLE `transaction` (
  `Order_ID` int(11) NOT NULL,
  `Product_ID` int(11) NOT NULL,
  `Quantity` int(11) NOT NULL,
  `Total_amount_of_each_product` int(11) NOT NULL
) ENGINE=InnoDB DEFAULT CHARSET=utf8;

--
-- Đang đổ dữ liệu cho bảng `transaction`
--

INSERT INTO `transaction` (`Order_ID`, `Product_ID`, `Quantity`, `Total_amount_of_each_product`) VALUES
(1, 1, 2, 3700000),
(1, 7, 2, 1800000),
(2, 2, 3, 4500000),
(2, 5, 2, 17800000),
(2, 7, 4, 3600000),
(4, 1, 1, 1850000),
(4, 2, 3, 4500000),
(4, 4, 6, 4800000),
(4, 6, 10, 65000000);

-- --------------------------------------------------------

--
-- Cấu trúc bảng cho bảng `user`
--

CREATE TABLE `user` (
  `ID` int(11) NOT NULL,
  `Last_Name` varchar(255) NOT NULL,
  `First_Name` varchar(255) NOT NULL,
  `Usename` varchar(255) NOT NULL,
  `Password` varchar(255) NOT NULL,
  `Email` varchar(255) NOT NULL,
  `Telephone` int(20) DEFAULT NULL,
  `Street_Address` varchar(255) DEFAULT NULL,
  `Town_City` varchar(255) DEFAULT NULL,
  `Postcode_ZIP` int(20) DEFAULT NULL,
  `Account` bigint(255) DEFAULT NULL,
  `Bank_Name` varchar(255) DEFAULT NULL,
  `User_Type` varchar(255) NOT NULL
) ENGINE=InnoDB DEFAULT CHARSET=utf8;

--
-- Đang đổ dữ liệu cho bảng `user`
--

INSERT INTO `user` (`ID`, `Last_Name`, `First_Name`, `Usename`, `Password`, `Email`, `Telephone`, `Street_Address`, `Town_City`, `Postcode_ZIP`, `Account`, `Bank_Name`, `User_Type`) VALUES
(1, 'Nguyễn Thị', 'Trang', 'trang123', '$2y$10$XUpPZZVtTPo8uGAqKSPNVe7yIjC6QR67xAoSJ84x5TYApSV7.hv0.', 'ntrang123@gmail.com', 123456789, '58, Phạm Văn Đồng, quận Bình Thạnh', 'Thành phố Hồ Chí Minh', 700000, 111222444666888, 'OCB', 'member'),
(2, 'Đỗ Nhật', 'Hoàng', 'hoang2', '$2y$10$XUpPZZVtTPo8uGAqKSPNVe7yIjC6QR67xAoSJ84x5TYApSV7.hv0.', 'hoangdo7789@gmail.com', 326789562, '125/26/8, Lương Định Của, phường 2, quận 4', 'Thành phố Hồ Chí Minh', 700000, NULL, NULL, 'member'),
(3, 'Đào Quốc', 'Bảo', 'bao', '$2y$10$XUpPZZVtTPo8uGAqKSPNVe7yIjC6QR67xAoSJ84x5TYApSV7.hv0.', 'baoquoc30', 334226326, '192/2, Trần Hưng Đạo, phường 1, quận 9', 'Thành phố Hồ Chí Minh', NULL, NULL, NULL, 'admin'),
(4, 'Trương Vĩnh', 'Phước', 'phuoc', '$2y$10$XUpPZZVtTPo8uGAqKSPNVe7yIjC6QR67xAoSJ84x5TYApSV7.hv0.', 'phuocvinh@gmail.com', 963459999, '62, Cộng Hòa, phường 13, quận Tân Bình', 'Thành phố Hồ Chí Minh', NULL, NULL, NULL, 'admin'),
(5, 'Thành', 'Đạt', 'dat', '$2y$10$XUpPZZVtTPo8uGAqKSPNVe7yIjC6QR67xAoSJ84x5TYApSV7.hv0.', 'dat.thanh@gmail.com', 986159489, '256, Trường Chinh, phường 9, quận Tân Phú', 'Thành phố Hồ Chí Minh', NULL, NULL, NULL, 'admin'),
(6, 'Tô', 'Hòa', 'hoa', '$2y$10$XUpPZZVtTPo8uGAqKSPNVe7yIjC6QR67xAoSJ84x5TYApSV7.hv0.', 'hoa.to@gmail.com', 953678593, '105, Lý Thường Kiệt, phường 5, quận 10', 'Thành phố Hồ Chí Minh', NULL, NULL, NULL, 'admin'),
(7, 'asfsfasfasf', 'sdhgdhdhdh', 'aaaaaaasfsdsf', '$2y$10$XUpPZZVtTPo8uGAqKSPNVe7yIjC6QR67xAoSJ84x5TYApSV7.hv0.', 'adasfsdgs@gmail.com', NULL, NULL, NULL, NULL, NULL, NULL, 'member'),
(8, 'Hòa', 'Tô', 'hoast09', '$2y$10$ohRg4HdM3O9p6.ouY4vnQ.tvD1TZCuOlASA07bYxcmTghGk8k3hu2', 'las009@Film5s5s.net', NULL, NULL, NULL, NULL, NULL, NULL, 'member'),
(9, 'Hòa', 'Tô', 'hoato', '$2y$10$Sm3ZWN9/ugbX4o5JYCH5CevsAKWItI9yk0TeYLKSNh3WURIDykrW6', 'tohoast09@gmail.com', NULL, NULL, NULL, NULL, NULL, NULL, 'member'),
(10, 'Hòa', 'Tô', 'hoatoo', '$2y$10$LCXMQsmdi4tMCDJM30wPiu4KyzPNMpmG0wiMjIlX66deCHTepKKXG', 'hello@gmail.com', NULL, NULL, NULL, NULL, NULL, NULL, 'member'),
(11, 'Hòa', 'Tô', 'hoatoo2', '$2y$10$KlLJh4zsy9jVTChSyvjY5uj7fKC9X2HpfFxLIxgC7kq3ibFzpGWRC', 'hello@gmail.com', NULL, NULL, NULL, NULL, NULL, NULL, 'member');

--
-- Bẫy `user`
--
DELIMITER $$
CREATE TRIGGER `after_user_insert` AFTER INSERT ON `user` FOR EACH ROW INSERT INTO cart SET cart.User_ID = NEW.ID
$$
DELIMITER ;

--
-- Chỉ mục cho các bảng đã đổ
--

--
-- Chỉ mục cho bảng `buying_history`
--
ALTER TABLE `buying_history`
  ADD PRIMARY KEY (`ID`),
  ADD KEY `User_ID` (`User_ID`),
  ADD KEY `Order_ID` (`Order_ID`);

--
-- Chỉ mục cho bảng `cart`
--
ALTER TABLE `cart`
  ADD PRIMARY KEY (`ID`),
  ADD KEY `User_ID` (`User_ID`);

--
-- Chỉ mục cho bảng `cart_item_list`
--
ALTER TABLE `cart_item_list`
  ADD PRIMARY KEY (`cart_ID`,`product_ID`),
  ADD KEY `product_ID` (`product_ID`);

--
-- Chỉ mục cho bảng `catalog`
--
ALTER TABLE `catalog`
  ADD PRIMARY KEY (`ID`),
  ADD KEY `Product_ID` (`Product_ID`);

--
-- Chỉ mục cho bảng `contact`
--
ALTER TABLE `contact`
  ADD PRIMARY KEY (`ID`);

--
-- Chỉ mục cho bảng `news`
--
ALTER TABLE `news`
  ADD PRIMARY KEY (`ID`);

--
-- Chỉ mục cho bảng `order_details`
--
ALTER TABLE `order_details`
  ADD PRIMARY KEY (`ID`),
  ADD KEY `User_ID` (`User_ID`);

--
-- Chỉ mục cho bảng `product`
--
ALTER TABLE `product`
  ADD PRIMARY KEY (`ID`);

--
-- Chỉ mục cho bảng `tag`
--
ALTER TABLE `tag`
  ADD PRIMARY KEY (`ID`),
  ADD KEY `Product_ID` (`Product_ID`);

--
-- Chỉ mục cho bảng `transaction`
--
ALTER TABLE `transaction`
  ADD PRIMARY KEY (`Order_ID`,`Product_ID`),
  ADD KEY `Product_ID` (`Product_ID`);

--
-- Chỉ mục cho bảng `user`
--
ALTER TABLE `user`
  ADD PRIMARY KEY (`ID`),
  ADD UNIQUE KEY `Usename` (`Usename`);

--
-- AUTO_INCREMENT cho các bảng đã đổ
--

--
-- AUTO_INCREMENT cho bảng `buying_history`
--
ALTER TABLE `buying_history`
  MODIFY `ID` int(11) NOT NULL AUTO_INCREMENT, AUTO_INCREMENT=4;

--
-- AUTO_INCREMENT cho bảng `cart`
--
ALTER TABLE `cart`
  MODIFY `ID` int(11) NOT NULL AUTO_INCREMENT, AUTO_INCREMENT=17;

--
-- AUTO_INCREMENT cho bảng `catalog`
--
ALTER TABLE `catalog`
  MODIFY `ID` int(11) NOT NULL AUTO_INCREMENT, AUTO_INCREMENT=27;

--
-- AUTO_INCREMENT cho bảng `contact`
--
ALTER TABLE `contact`
  MODIFY `ID` int(11) NOT NULL AUTO_INCREMENT;

--
-- AUTO_INCREMENT cho bảng `news`
--
ALTER TABLE `news`
  MODIFY `ID` int(11) NOT NULL AUTO_INCREMENT, AUTO_INCREMENT=9;

--
-- AUTO_INCREMENT cho bảng `order_details`
--
ALTER TABLE `order_details`
  MODIFY `ID` int(11) NOT NULL AUTO_INCREMENT, AUTO_INCREMENT=5;

--
-- AUTO_INCREMENT cho bảng `product`
--
ALTER TABLE `product`
  MODIFY `ID` int(11) NOT NULL AUTO_INCREMENT, AUTO_INCREMENT=31;

--
-- AUTO_INCREMENT cho bảng `tag`
--
ALTER TABLE `tag`
  MODIFY `ID` int(11) NOT NULL AUTO_INCREMENT, AUTO_INCREMENT=29;

--
-- AUTO_INCREMENT cho bảng `user`
--
ALTER TABLE `user`
  MODIFY `ID` int(11) NOT NULL AUTO_INCREMENT, AUTO_INCREMENT=12;

--
-- Các ràng buộc cho các bảng đã đổ
--

--
-- Các ràng buộc cho bảng `buying_history`
--
ALTER TABLE `buying_history`
  ADD CONSTRAINT `buying_history_ibfk_1` FOREIGN KEY (`User_ID`) REFERENCES `user` (`ID`) ON DELETE CASCADE ON UPDATE CASCADE,
  ADD CONSTRAINT `buying_history_ibfk_2` FOREIGN KEY (`Order_ID`) REFERENCES `order_details` (`ID`) ON DELETE CASCADE ON UPDATE CASCADE;

--
-- Các ràng buộc cho bảng `cart`
--
ALTER TABLE `cart`
  ADD CONSTRAINT `cart_ibfk_2` FOREIGN KEY (`User_ID`) REFERENCES `user` (`ID`);

--
-- Các ràng buộc cho bảng `cart_item_list`
--
ALTER TABLE `cart_item_list`
  ADD CONSTRAINT `cart_item_list_ibfk_1` FOREIGN KEY (`cart_ID`) REFERENCES `cart` (`ID`) ON DELETE CASCADE ON UPDATE CASCADE,
  ADD CONSTRAINT `cart_item_list_ibfk_2` FOREIGN KEY (`product_ID`) REFERENCES `product` (`ID`) ON DELETE CASCADE ON UPDATE CASCADE;

--
-- Các ràng buộc cho bảng `catalog`
--
ALTER TABLE `catalog`
  ADD CONSTRAINT `catalog_ibfk_1` FOREIGN KEY (`Product_ID`) REFERENCES `product` (`ID`);

--
-- Các ràng buộc cho bảng `order_details`
--
ALTER TABLE `order_details`
  ADD CONSTRAINT `order_details_ibfk_1` FOREIGN KEY (`User_ID`) REFERENCES `user` (`ID`) ON DELETE CASCADE ON UPDATE CASCADE;

--
-- Các ràng buộc cho bảng `tag`
--
ALTER TABLE `tag`
  ADD CONSTRAINT `tag_ibfk_1` FOREIGN KEY (`Product_ID`) REFERENCES `product` (`ID`);

--
-- Các ràng buộc cho bảng `transaction`
--
ALTER TABLE `transaction`
  ADD CONSTRAINT `transaction_ibfk_1` FOREIGN KEY (`Order_ID`) REFERENCES `order_details` (`ID`),
  ADD CONSTRAINT `transaction_ibfk_2` FOREIGN KEY (`Product_ID`) REFERENCES `product` (`ID`),
  ADD CONSTRAINT `transaction_ibfk_3` FOREIGN KEY (`Order_ID`) REFERENCES `order_details` (`ID`);
COMMIT;

/*!40101 SET CHARACTER_SET_CLIENT=@OLD_CHARACTER_SET_CLIENT */;
/*!40101 SET CHARACTER_SET_RESULTS=@OLD_CHARACTER_SET_RESULTS */;
/*!40101 SET COLLATION_CONNECTION=@OLD_COLLATION_CONNECTION */;
